date,time,time_passed_since_start,Volt Reading 1,Current Out 1,Volt Reading 2,Current Out 2,Volt Reading 3,Current In 1,Volt Reading 4,Current In 2,Voltage,Lost Data
2026-02-25,16:35:49.418887,240470,0,0,0,0,0,0,0,0,57.70332,0
2026-02-25,16:35:49.418887,241548,0,0,0,0,0,0,0,0,57.71241,0
2026-02-25,16:35:49.418887,242626,0,0,0,0,0,0,0,0,57.71014,0
2026-02-25,16:35:49.418887,243703,0,0,0,0,0,0,0,0,57.70332,0
2026-02-25,16:35:49.418887,244783,0,0,0,0,0,0,0,0,57.70332,0
2026-02-25,16:35:49.418887,246172,0,0,0,0,0,0,0,0,57.71468,0
2026-02-25,16:35:49.418887,247252,0,0,0,0,0,0,0,0,57.71014,0
2026-02-25,16:35:49.418887,248329,0,0,0,0,0,0,0,0,57.71241,0
2026-02-25,16:35:49.418887,249407,0,0,0,0,0,0,0,0,57.71241,0
2026-02-25,16:35:49.418887,250485,0,0,0,0,0,0,0,0,57.71014,0
2026-02-25,16:35:54.998536,251671,0,0,0,0,0,0,0,0,57.70786,0
2026-02-25,16:35:54.998536,252750,0,0,0,0,0,0,0,0,57.71014,0
2026-02-25,16:35:54.998536,253828,0,0,0,0,0,0,0,0,57.71014,0
2026-02-25,16:35:54.998536,254905,0,0,0,0,0,0,0,0,57.70786,0
2026-02-25,16:35:54.998536,255983,0,0,0,0,0,0,0,0,57.71241,0
2026-02-25,16:36:00.477810,257228,0,0,0,0,0,0,0,0,57.71241,0
2026-02-25,16:36:00.477810,258307,0,0,0,0,0,0,0,0,57.70786,0
2026-02-25,16:36:00.477810,259385,0,0,0,0,0,0,0,0,57.71014,0
2026-02-25,16:36:00.477810,260463,0,0,0,0,0,0,0,0,57.71014,0
2026-02-25,16:36:00.477810,261541,0,0,0,0,0,0,0,0,57.70786,0
2026-02-25,16:36:06.003138,262725,0,0,0,0,0,0,0,0,57.71014,0
2026-02-25,16:36:06.003138,263804,0,0,0,0,0,0,0,0,57.71241,0
2026-02-25,16:36:06.003138,264881,0,0,0,0,0,0,0,0,57.70786,0
2026-02-25,16:36:06.003138,265959,0,0,0,0,0,0,0,0,57.70559,0
2026-02-25,16:36:06.003138,267037,0,0,0,0,0,0,0,0,57.71014,0
2026-02-25,16:36:12.028507,268227,0,0,0,0,0,0,0,0,57.71014,0
2026-02-25,16:36:12.028507,269305,0,0,0,0,0,0,0,0,57.70332,0
2026-02-25,16:36:12.028507,270384,0,0,0,0,0,0,0,0,57.71014,0
2026-02-25,16:36:12.028507,271462,0,0,0,0,0,0,0,0,57.70786,0
2026-02-25,16:36:12.028507,272539,0,0,0,0,0,0,0,0,57.70332,0
2026-02-25,16:36:17.574402,274255,0,0,0,0,0,0,0,0,57.70559,0
2026-02-25,16:36:17.574402,275333,0,0,0,0,0,0,0,0,57.70559,0
2026-02-25,16:36:17.574402,276411,0,0,0,0,0,0,0,0,57.70786,0
2026-02-25,16:36:17.574402,277489,0,0,0,0,0,0,0,0,57.71014,0
2026-02-25,16:36:17.574402,278568,0,0,0,0,0,0,0,0,57.70786,0
2026-02-25,16:36:23.499000,279796,0,0,0,0,0,0,0,0,57.70559,0
2026-02-25,16:36:23.499000,280873,0,0,0,0,0,0,0,0,57.70786,0
2026-02-25,16:36:23.499000,281951,0,0,0,0,0,0,0,0,57.71014,0
2026-02-25,16:36:23.499000,283029,0,0,0,0,0,0,0,0,57.70559,0
2026-02-25,16:36:23.499000,284108,0,0,0,0,0,0,0,0,57.70786,0
2026-02-25,16:36:29.248507,285720,0,0,0,0,0,0,0,0,57.71014,0
2026-02-25,16:36:29.248507,286798,0,0,0,0,0,0,0,0,57.71014,0
2026-02-25,16:36:29.248507,287875,0,0,0,0,0,0,0,0,57.71241,0
2026-02-25,16:36:29.248507,288953,0,0,0,0,0,0,0,0,57.71014,0
2026-02-25,16:36:29.248507,290032,0,0,0,0,0,0,0,0,57.71014,0
2026-02-25,16:36:34.699562,291467,0,0,0,0,0,0,0,0,57.71241,0
2026-02-25,16:36:34.699562,292545,0,0,0,0,0,0,0,0,57.71468,0
2026-02-25,16:36:34.699562,293622,0,0,0,0,0,0,0,0,57.71241,0
2026-02-25,16:36:34.699562,294700,0,0,0,0,0,0,0,0,57.71241,0
2026-02-25,16:36:34.699562,295779,0,0,0,0,0,0,0,0,57.71241,0
2026-02-25,16:36:40.900761,296928,0,0,0,0,0,0,0,0,57.71241,0
2026-02-25,16:36:40.900761,298007,0,0,0,0,0,0,0,0,57.71014,0
2026-02-25,16:36:40.900761,299085,0,0,0,0,0,0,0,0,57.71241,0
2026-02-25,16:36:40.900761,300162,0,0,0,0,0,0,0,0,57.71468,0
2026-02-25,16:36:40.900761,301240,0,0,0,0,0,0,0,0,57.71468,0
2026-02-25,16:36:46.558663,303214,0,0,0,0,0,0,0,0,57.71241,0
2026-02-25,16:36:46.558663,304292,0,0,0,0,0,0,0,0,57.71468,0
2026-02-25,16:36:46.558663,305370,0,0,0,0,0,0,0,0,57.71468,0
2026-02-25,16:36:46.558663,306449,0,0,0,0,0,0,0,0,57.71468,0
2026-02-25,16:36:46.558663,307527,0,0,0,0,0,0,0,0,57.70786,0
2026-02-25,16:36:55.254779,308804,0,0,0,0,0,0,0,0,57.71014,0
2026-02-25,16:36:55.254779,309882,0,0,0,0,0,0,0,0,57.71014,0
2026-02-25,16:36:55.254779,310960,0,0,0,0,0,0,0,0,57.71241,0
2026-02-25,16:36:55.254779,312038,0,0,0,0,0,0,0,0,57.71241,0
2026-02-25,16:36:55.254779,313116,0,0,0,0,0,0,0,0,57.71241,0
2026-02-25,16:37:12.395792,317476,0,0,0,0,0,0,0,0,57.71468,0
2026-02-25,16:37:12.395792,318554,0,0,0,0,0,0,0,0,57.71695,0
2026-02-25,16:37:12.395792,319632,0,0,0,0,0,0,0,0,57.71241,0
2026-02-25,16:37:12.395792,320710,0,0,0,0,0,0,0,0,57.70786,0
2026-02-25,16:37:12.395792,321789,0,0,0,0,0,0,0,0,57.70786,0
2026-02-25,16:37:12.395792,327876,0,0,0,0,0,0,0,0,57.71241,0
2026-02-25,16:37:12.395792,328955,0,0,0,0,0,0,0,0,57.71241,0
2026-02-25,16:37:12.395792,330033,0,0,0,0,0,0,0,0,57.71014,0
2026-02-25,16:37:12.395792,331111,0,0,0,0,0,0,0,0,57.70786,0
2026-02-25,16:37:12.395792,332188,0,0,0,0,0,0,0,0,57.70786,0
2026-02-25,16:37:17.891126,334649,0,0,0,0,0,0,0,0,57.71241,0
2026-02-25,16:37:17.891126,335728,0,0,0,0,0,0,0,0,57.71014,0
2026-02-25,16:37:17.891126,336806,0,0,0,0,0,0,0,0,57.70786,0
2026-02-25,16:37:17.891126,337884,0,0,0,0,0,0,0,0,57.71014,0
2026-02-25,16:37:17.891126,338962,0,0,0,0,0,0,0,0,57.71014,0
2026-02-25,16:37:33.984897,340125,0,0,0,0,0,0,0,0,57.71014,0
2026-02-25,16:37:33.984897,341203,0,0,0,0,0,0,0,0,57.71241,0
2026-02-25,16:37:33.984897,342282,0,0,0,0,0,0,0,0,57.71241,0
2026-02-25,16:37:33.984897,343360,0,0,0,0,0,0,0,0,57.71014,0
2026-02-25,16:37:33.984897,344437,0,0,0,0,0,0,0,0,57.71241,0
2026-02-25,16:37:33.984897,350525,0,0,0,0,0,0,0,0,57.71014,0
2026-02-25,16:37:33.984897,351602,0,0,0,0,0,0,0,0,57.71014,0
2026-02-25,16:37:33.984897,352680,0,0,0,0,0,0,0,0,57.71241,0
2026-02-25,16:37:33.984897,353760,0,0,0,0,0,0,0,0,57.71241,0
2026-02-25,16:37:33.984897,354837,0,0,0,0,0,0,0,0,57.71468,0
2026-02-25,16:37:42.565235,356210,0,0,0,0,0,0,0,0,57.71014,0
2026-02-25,16:37:42.565235,357288,0,0,0,0,0,0,0,0,57.71241,0
2026-02-25,16:37:42.565235,358366,0,0,0,0,0,0,0,0,57.71241,0
2026-02-25,16:37:42.565235,359444,0,0,0,0,0,0,0,0,57.70786,0
2026-02-25,16:37:42.565235,360522,0,0,0,0,0,0,0,0,57.71241,0
2026-02-25,16:37:48.042690,364788,0,0,0,0,0,0,0,0,57.71468,0
2026-02-25,16:37:48.042690,365866,0,0,0,0,0,0,0,0,57.71468,0
2026-02-25,16:37:48.042690,366944,0,0,0,0,0,0,0,0,57.71468,0
2026-02-25,16:37:48.042690,368022,0,0,0,0,0,0,0,0,57.71468,0
2026-02-25,16:37:48.042690,369101,0,0,0,0,0,0,0,0,57.71468,0
2026-02-25,16:37:56.292076,370270,0,0,0,0,0,0,0,0,57.71241,0
2026-02-25,16:37:56.292076,371349,0,0,0,0,0,0,0,0,57.71468,0
2026-02-25,16:37:56.292076,372427,0,0,0,0,0,0,0,0,57.71241,0
2026-02-25,16:37:56.292076,373505,0,0,0,0,0,0,0,0,57.71241,0
2026-02-25,16:37:56.292076,374583,0,0,0,0,0,0,0,0,57.71241,0
2026-02-25,16:38:02.623363,378916,0,0,0,0,0,0,0,0,57.71468,0
2026-02-25,16:38:02.623363,379994,0,0,0,0,0,0,0,0,57.71241,0
2026-02-25,16:38:02.623363,381071,0,0,0,0,0,0,0,0,57.71241,0
2026-02-25,16:38:02.623363,382149,0,0,0,0,0,0,0,0,57.71014,0
2026-02-25,16:38:02.623363,383228,0,0,0,0,0,0,0,0,57.71468,0
2026-02-25,16:38:08.559614,384849,0,0,0,0,0,0,0,0,57.71241,0
2026-02-25,16:38:08.559614,385927,0,0,0,0,0,0,0,0,57.71241,0
2026-02-25,16:38:08.559614,387004,0,0,0,0,0,0,0,0,57.71241,0
2026-02-25,16:38:08.559614,388082,0,0,0,0,0,0,0,0,57.71014,0
2026-02-25,16:38:08.559614,389161,0,0,0,0,0,0,0,0,57.71241,0
2026-02-25,16:38:18.045830,390792,0,0,0,0,0,0,0,0,57.71468,0
2026-02-25,16:38:18.045830,391870,0,0,0,0,0,0,0,0,57.71468,0
2026-02-25,16:38:18.045830,392948,0,0,0,0,0,0,0,0,57.71241,0
2026-02-25,16:38:18.045830,394026,0,0,0,0,0,0,0,0,57.71014,0
2026-02-25,16:38:18.045830,395105,0,0,0,0,0,0,0,0,57.71014,0
2026-02-25,16:38:24.121257,400398,0,0,0,0,0,0,0,0,57.69423,0
2026-02-25,16:38:24.121257,401478,0,0,0,0,0,0,0,0,57.64196,0
2026-02-25,16:38:24.121257,402556,0,0,0,0,0,0,0,0,57.71241,0
2026-02-25,16:38:24.121257,403633,0,0,0,0,0,0,0,0,57.71241,0
2026-02-25,16:38:24.121257,404714,0,0,0,0,0,0,0,0,57.71468,0
2026-02-25,16:38:29.669831,406345,0,0,0,0,0,0,0,0,57.71241,0
2026-02-25,16:38:29.669831,407423,0,0,0,0,0,0,0,0,57.71014,0
2026-02-25,16:38:29.669831,408501,0,0,0,0,0,0,0,0,57.71241,0
2026-02-25,16:38:29.669831,409579,0,0,0,0,0,0,0,0,57.71014,0
2026-02-25,16:38:29.669831,410658,0,0,0,0,0,0,0,0,57.71241,0
2026-02-25,16:38:35.186045,411905,0,0,0,0,0,0,0,0,57.71241,0
2026-02-25,16:38:35.186045,412983,0,0,0,0,0,0,0,0,57.71014,0
2026-02-25,16:38:35.186045,414061,0,0,0,0,0,0,0,0,57.70786,0
2026-02-25,16:38:35.186045,415139,0,0,0,0,0,0,0,0,57.70786,0
2026-02-25,16:38:35.186045,416218,0,0,0,0,0,0,0,0,57.70786,0
2026-02-25,16:38:40.634952,417413,0,0,0,0,0,0,0,0,57.70786,0
2026-02-25,16:38:40.634952,418491,0,0,0,0,0,0,0,0,57.70559,0
2026-02-25,16:38:40.634952,419568,0,0,0,0,0,0,0,0,57.70786,0
2026-02-25,16:38:40.634952,420646,0,0,0,0,0,0,0,0,57.70559,0
2026-02-25,16:38:40.634952,421725,0,0,0,0,0,0,0,0,57.70332,0
2026-02-25,16:39:18.428388,0,0,0,0,0,0,0,0,0,57.99583,0
2026-02-25,16:39:18.428388,1080,0,0,0,0,0,0,0,0,58.0004,0
2026-02-25,16:39:18.428388,2158,0,0,0,0,0,0,0,0,58.0004,0
2026-02-25,16:39:18.428388,3236,0,0,0,0,0,0,0,0,58.0004,0
2026-02-25,16:39:18.428388,4314,0,0,0,0,0,0,0,0,57.99583,0
2026-02-25,16:39:23.950606,5597,0,0,0,0,0,0,0,0,57.99812,0
2026-02-25,16:39:23.950606,6674,0,0,0,0,0,0,0,0,57.99583,0
2026-02-25,16:39:23.950606,7753,0,0,0,0,0,0,0,0,57.99812,0
2026-02-25,16:39:23.950606,8830,0,0,0,0,0,0,0,0,57.99583,0
2026-02-25,16:39:23.950606,9908,0,0,0,0,0,0,0,0,57.99583,0
2026-02-25,16:39:29.455928,11123,0,0,0,0,0,0,0,0,57.99583,0
2026-02-25,16:39:29.455928,12201,0,0,0,0,0,0,0,0,57.99812,0
2026-02-25,16:39:29.455928,13278,0,0,0,0,0,0,0,0,57.99583,0
2026-02-25,16:39:29.455928,14359,0,0,0,0,0,0,0,0,57.99812,0
2026-02-25,16:39:29.455928,15436,0,0,0,0,0,0,0,0,57.99812,0
2026-02-25,16:39:34.918850,16620,0,0,0,0,0,0,0,0,57.99812,0
2026-02-25,16:39:34.918850,17698,0,0,0,0,0,0,0,0,57.99583,0
2026-02-25,16:39:34.918850,18775,0,0,0,0,0,0,0,0,57.99812,0
2026-02-25,16:39:34.918850,19853,0,0,0,0,0,0,0,0,57.99812,0
2026-02-25,16:39:34.918850,20932,0,0,0,0,0,0,0,0,57.99583,0
2026-02-25,16:39:40.407720,22080,0,0,0,0,0,0,0,0,57.99812,0
2026-02-25,16:39:40.407720,23160,0,0,0,0,0,0,0,0,58.0004,0
2026-02-25,16:39:40.407720,24238,0,0,0,0,0,0,0,0,57.99583,0
2026-02-25,16:39:40.407720,25316,0,0,0,0,0,0,0,0,57.99583,0
2026-02-25,16:39:40.407720,26394,0,0,0,0,0,0,0,0,57.99812,0
2026-02-25,16:39:46.260696,27582,0,0,0,0,0,0,0,0,57.99583,0
2026-02-25,16:39:46.260696,28660,0,0,0,0,0,0,0,0,57.99583,0
2026-02-25,16:39:46.260696,29739,0,0,0,0,0,0,0,0,57.99583,0
2026-02-25,16:39:46.260696,30817,0,0,0,0,0,0,0,0,57.99583,0
2026-02-25,16:39:46.260696,31895,0,0,0,0,0,0,0,0,57.99812,0
2026-02-25,16:39:51.702132,33417,0,0,0,0,0,0,0,0,57.99583,0
2026-02-25,16:39:51.702132,34495,0,0,0,0,0,0,0,0,57.99583,0
2026-02-25,16:39:51.702132,35572,0,0,0,0,0,0,0,0,57.99355,0
2026-02-25,16:39:51.702132,36650,0,0,0,0,0,0,0,0,57.99355,0
2026-02-25,16:39:51.702132,37729,0,0,0,0,0,0,0,0,57.99355,0
2026-02-25,16:39:57.529165,38868,0,0,0,0,0,0,0,0,57.99355,0
2026-02-25,16:39:57.529165,39945,0,0,0,0,0,0,0,0,57.99355,0
2026-02-25,16:39:57.529165,41025,0,0,0,0,0,0,0,0,57.99583,0
2026-02-25,16:39:57.529165,42102,0,0,0,0,0,0,0,0,57.99812,0
2026-02-25,16:39:57.529165,43180,0,0,0,0,0,0,0,0,57.99812,0
2026-02-25,16:40:03.264972,44686,0,0,0,0,0,0,0,0,57.99583,0
2026-02-25,16:40:03.264972,45764,0,0,0,0,0,0,0,0,57.99583,0
2026-02-25,16:40:03.264972,46842,0,0,0,0,0,0,0,0,57.99583,0
2026-02-25,16:40:03.264972,47919,0,0,0,0,0,0,0,0,57.99583,0
2026-02-25,16:40:03.264972,48999,0,0,0,0,0,0,0,0,57.99583,0
2026-02-25,16:40:08.793515,50428,0,0,0,0,0,0,0,0,57.99583,0
2026-02-25,16:40:08.793515,51505,0,0,0,0,0,0,0,0,57.99583,0
2026-02-25,16:40:08.793515,52583,0,0,0,0,0,0,0,0,57.99583,0
2026-02-25,16:40:08.793515,53661,0,0,0,0,0,0,0,0,57.99812,0
2026-02-25,16:40:08.793515,54740,0,0,0,0,0,0,0,0,57.99583,0
2026-02-25,16:40:14.522945,55960,0,0,0,0,0,0,0,0,57.99583,0
2026-02-25,16:40:14.522945,57038,0,0,0,0,0,0,0,0,57.99583,0
2026-02-25,16:40:14.522945,58116,0,0,0,0,0,0,0,0,57.99583,0
2026-02-25,16:40:14.522945,59194,0,0,0,0,0,0,0,0,57.99583,0
2026-02-25,16:40:14.522945,60273,0,0,0,0,0,0,0,0,57.99583,0
2026-02-25,16:40:20.449380,61695,0,0,0,0,0,0,0,0,57.99355,0
2026-02-25,16:40:20.449380,62773,0,0,0,0,0,0,0,0,57.99583,0
2026-02-25,16:40:20.449380,63851,0,0,0,0,0,0,0,0,57.99355,0
2026-02-25,16:40:20.449380,64929,0,0,0,0,0,0,0,0,57.99583,0
2026-02-25,16:40:20.449380,66008,0,0,0,0,0,0,0,0,57.99355,0
2026-02-25,16:40:26.385823,67611,0,0,0,0,0,0,0,0,57.99126,0
2026-02-25,16:40:26.385823,68689,0,0,0,0,0,0,0,0,57.99355,0
2026-02-25,16:40:26.385823,69767,0,0,0,0,0,0,0,0,57.99355,0
2026-02-25,16:40:26.385823,70844,0,0,0,0,0,0,0,0,57.99355,0
2026-02-25,16:40:26.385823,71924,0,0,0,0,0,0,0,0,57.99355,0
2026-02-25,16:40:32.133847,73544,0,0,0,0,0,0,0,0,57.99126,0
2026-02-25,16:40:32.133847,74622,0,0,0,0,0,0,0,0,57.99355,0
2026-02-25,16:40:32.133847,75700,0,0,0,0,0,0,0,0,57.99126,0
2026-02-25,16:40:32.133847,76777,0,0,0,0,0,0,0,0,57.99355,0
2026-02-25,16:40:32.133847,77857,0,0,0,0,0,0,0,0,57.99126,0
2026-02-25,16:40:37.650076,79294,0,0,0,0,0,0,0,0,57.99126,0
2026-02-25,16:40:37.650076,80372,0,0,0,0,0,0,0,0,57.99126,0
2026-02-25,16:40:37.650076,81450,0,0,0,0,0,0,0,0,57.99355,0
2026-02-25,16:40:37.650076,82528,0,0,0,0,0,0,0,0,57.99126,0
2026-02-25,16:40:37.650076,83607,0,0,0,0,0,0,0,0,57.99126,0
2026-02-25,16:40:43.115431,84822,0,0,0,0,0,0,0,0,57.99355,0
2026-02-25,16:40:43.115431,85900,0,0,0,0,0,0,0,0,57.99126,0
2026-02-25,16:40:43.115431,86978,0,0,0,0,0,0,0,0,57.99126,0
2026-02-25,16:40:43.115431,88056,0,0,0,0,0,0,0,0,57.99355,0
2026-02-25,16:40:43.115431,89135,0,0,0,0,0,0,0,0,57.99126,0
2026-02-25,16:40:48.601748,90292,0,0,0,0,0,0,0,0,57.99126,0
2026-02-25,16:40:48.601748,91372,0,0,0,0,0,0,0,0,57.99126,0
2026-02-25,16:40:48.601748,92449,0,0,0,0,0,0,0,0,57.99355,0
2026-02-25,16:40:48.601748,93527,0,0,0,0,0,0,0,0,57.99355,0
2026-02-25,16:40:48.601748,94605,0,0,0,0,0,0,0,0,57.99583,0
2026-02-25,16:40:54.054164,95760,0,0,0,0,0,0,0,0,57.99583,0
2026-02-25,16:40:54.054164,96838,0,0,0,0,0,0,0,0,57.99583,0
2026-02-25,16:40:54.054164,97915,0,0,0,0,0,0,0,0,57.99812,0
2026-02-25,16:40:54.054164,98994,0,0,0,0,0,0,0,0,57.99355,0
2026-02-25,16:40:54.054164,100071,0,0,0,0,0,0,0,0,57.99583,0
2026-02-25,16:40:59.678581,101387,0,0,0,0,0,0,0,0,57.99583,0
2026-02-25,16:40:59.678581,102466,0,0,0,0,0,0,0,0,57.99355,0
2026-02-25,16:40:59.678581,103544,0,0,0,0,0,0,0,0,57.99583,0
2026-02-25,16:40:59.678581,104622,0,0,0,0,0,0,0,0,57.99355,0
2026-02-25,16:40:59.678581,105700,0,0,0,0,0,0,0,0,57.99583,0
2026-02-25,16:41:05.127240,106835,0,0,0,0,0,0,0,0,57.99355,0
2026-02-25,16:41:05.127240,107913,0,0,0,0,0,0,0,0,57.99355,0
2026-02-25,16:41:05.127240,108992,0,0,0,0,0,0,0,0,57.99583,0
2026-02-25,16:41:05.127240,110070,0,0,0,0,0,0,0,0,57.99583,0
2026-02-25,16:41:05.127240,111148,0,0,0,0,0,0,0,0,57.99583,0
2026-02-25,16:41:11.253957,112651,0,0,0,0,0,0,0,0,57.99812,0
2026-02-25,16:41:11.253957,113731,0,0,0,0,0,0,0,0,57.99583,0
2026-02-25,16:41:11.253957,114809,0,0,0,0,0,0,0,0,57.99355,0
2026-02-25,16:41:11.253957,115886,0,0,0,0,0,0,0,0,57.99583,0
2026-02-25,16:41:11.253957,116964,0,0,0,0,0,0,0,0,57.99812,0
2026-02-25,16:41:16.864763,118443,0,0,0,0,0,0,0,0,57.99126,0
2026-02-25,16:41:16.864763,119520,0,0,0,0,0,0,0,0,57.99126,0
2026-02-25,16:41:16.864763,120598,0,0,0,0,0,0,0,0,57.99355,0
2026-02-25,16:41:16.864763,121678,0,0,0,0,0,0,0,0,57.99355,0
2026-02-25,16:41:16.864763,122756,0,0,0,0,0,0,0,0,57.99355,0
2026-02-25,16:41:22.472636,124119,0,0,0,0,0,0,0,0,57.99355,0
2026-02-25,16:41:22.472636,125198,0,0,0,0,0,0,0,0,57.99355,0
2026-02-25,16:41:22.472636,126276,0,0,0,0,0,0,0,0,57.99355,0
2026-02-25,16:41:22.472636,127353,0,0,0,0,0,0,0,0,57.99126,0
2026-02-25,16:41:22.472636,128432,0,0,0,0,0,0,0,0,57.99583,0
2026-02-25,16:41:28.005120,129638,0,0,0,0,0,0,0,0,57.99583,0
2026-02-25,16:41:28.005120,130718,0,0,0,0,0,0,0,0,57.99126,0
2026-02-25,16:41:28.005120,131795,0,0,0,0,0,0,0,0,57.99583,0
2026-02-25,16:41:28.005120,132873,0,0,0,0,0,0,0,0,57.99355,0
2026-02-25,16:41:28.005120,133951,0,0,0,0,0,0,0,0,57.99355,0
2026-02-25,16:41:33.975475,135169,0,0,0,0,0,0,0,0,57.99355,0
2026-02-25,16:41:33.975475,136249,0,0,0,0,0,0,0,0,57.99583,0
2026-02-25,16:41:33.975475,137327,0,0,0,0,0,0,0,0,57.99355,0
2026-02-25,16:41:33.975475,138404,0,0,0,0,0,0,0,0,57.99355,0
2026-02-25,16:41:33.975475,139482,0,0,0,0,0,0,0,0,57.99355,0
2026-02-25,16:41:39.421668,141137,0,0,0,0,0,0,0,0,57.99355,0
2026-02-25,16:41:39.421668,142215,0,0,0,0,0,0,0,0,57.99355,0
2026-02-25,16:41:39.421668,143293,0,0,0,0,0,0,0,0,57.99355,0
2026-02-25,16:41:39.421668,144370,0,0,0,0,0,0,0,0,57.99355,0
2026-02-25,16:41:39.421668,145450,0,0,0,0,0,0,0,0,57.99583,0
2026-02-25,16:41:44.947740,146598,0,0,0,0,0,0,0,0,57.99355,0
2026-02-25,16:41:44.947740,147675,0,0,0,0,0,0,0,0,57.99126,0
2026-02-25,16:41:44.947740,148755,0,0,0,0,0,0,0,0,57.99355,0
2026-02-25,16:41:44.947740,149832,0,0,0,0,0,0,0,0,57.99355,0
2026-02-25,16:41:44.947740,150911,0,0,0,0,0,0,0,0,57.99355,0
2026-02-25,16:41:50.464758,152116,0,0,0,0,0,0,0,0,57.99355,0
2026-02-25,16:41:50.464758,153194,0,0,0,0,0,0,0,0,57.99355,0
2026-02-25,16:41:50.464758,154273,0,0,0,0,0,0,0,0,57.99355,0
2026-02-25,16:41:50.464758,155351,0,0,0,0,0,0,0,0,57.99355,0
2026-02-25,16:41:50.464758,156429,0,0,0,0,0,0,0,0,57.99126,0
2026-02-25,16:41:56.296276,157626,0,0,0,0,0,0,0,0,57.99355,0
2026-02-25,16:41:56.296276,158703,0,0,0,0,0,0,0,0,57.99355,0
2026-02-25,16:41:56.296276,159783,0,0,0,0,0,0,0,0,57.99583,0
2026-02-25,16:41:56.296276,160860,0,0,0,0,0,0,0,0,57.99583,0
2026-02-25,16:41:56.296276,161938,0,0,0,0,0,0,0,0,57.99355,0
2026-02-25,16:42:01.986548,163459,0,0,0,0,0,0,0,0,57.99583,0
2026-02-25,16:42:01.986548,164537,0,0,0,0,0,0,0,0,57.99355,0
2026-02-25,16:42:01.986548,165615,0,0,0,0,0,0,0,0,57.99355,0
2026-02-25,16:42:01.986548,166693,0,0,0,0,0,0,0,0,57.99355,0
2026-02-25,16:42:01.986548,167772,0,0,0,0,0,0,0,0,57.99583,0
2026-02-25,16:42:07.914806,169584,0,0,0,0,0,0,0,0,57.99355,0
2026-02-25,16:42:07.914806,170662,0,0,0,0,0,0,0,0,57.99355,0
2026-02-25,16:42:07.914806,171739,0,0,0,0,0,0,0,0,57.99355,0
2026-02-25,16:42:07.914806,172817,0,0,0,0,0,0,0,0,57.99355,0
2026-02-25,16:42:07.914806,173895,0,0,0,0,0,0,0,0,57.99355,0
2026-02-25,16:42:13.912307,175077,0,0,0,0,0,0,0,0,57.99583,0
2026-02-25,16:42:13.912307,176155,0,0,0,0,0,0,0,0,57.99355,0
2026-02-25,16:42:13.912307,177233,0,0,0,0,0,0,0,0,57.99355,0
2026-02-25,16:42:13.912307,178311,0,0,0,0,0,0,0,0,57.99583,0
2026-02-25,16:42:13.912307,179388,0,0,0,0,0,0,0,0,57.99355,0
2026-02-25,16:42:19.855800,181080,0,0,0,0,0,0,0,0,57.99355,0
2026-02-25,16:42:19.855800,182158,0,0,0,0,0,0,0,0,57.99126,0
2026-02-25,16:42:19.855800,183236,0,0,0,0,0,0,0,0,57.99355,0
2026-02-25,16:42:19.855800,184313,0,0,0,0,0,0,0,0,57.99355,0
2026-02-25,16:42:19.855800,185393,0,0,0,0,0,0,0,0,57.99355,0
2026-02-25,16:42:25.596062,187020,0,0,0,0,0,0,0,0,57.99355,0
2026-02-25,16:42:25.596062,188098,0,0,0,0,0,0,0,0,57.99355,0
2026-02-25,16:42:25.596062,189176,0,0,0,0,0,0,0,0,57.99355,0
2026-02-25,16:42:25.596062,190254,0,0,0,0,0,0,0,0,57.99355,0
2026-02-25,16:42:25.596062,191333,0,0,0,0,0,0,0,0,57.99583,0
2026-02-25,16:42:31.519872,192758,0,0,0,0,0,0,0,0,57.99355,0
2026-02-25,16:42:31.519872,193836,0,0,0,0,0,0,0,0,57.99355,0
2026-02-25,16:42:31.519872,194913,0,0,0,0,0,0,0,0,57.99355,0
2026-02-25,16:42:31.519872,195991,0,0,0,0,0,0,0,0,57.99355,0
2026-02-25,16:42:31.519872,197070,0,0,0,0,0,0,0,0,57.99355,0
2026-02-25,16:42:36.970713,198686,0,0,0,0,0,0,0,0,57.99583,0
2026-02-25,16:42:36.970713,199764,0,0,0,0,0,0,0,0,57.99355,0
2026-02-25,16:42:36.970713,200842,0,0,0,0,0,0,0,0,57.99355,0
2026-02-25,16:42:36.970713,201920,0,0,0,0,0,0,0,0,57.99355,0
2026-02-25,16:42:36.970713,202999,0,0,0,0,0,0,0,0,57.99583,0
2026-02-25,16:42:42.502582,204151,0,0,0,0,0,0,0,0,57.99355,0
2026-02-25,16:42:42.502582,205229,0,0,0,0,0,0,0,0,57.99812,0
2026-02-25,16:42:42.502582,206308,0,0,0,0,0,0,0,0,57.99583,0
2026-02-25,16:42:42.502582,207386,0,0,0,0,0,0,0,0,57.99355,0
2026-02-25,16:42:42.502582,208463,0,0,0,0,0,0,0,0,57.99355,0
2026-02-25,16:42:48.517270,209686,0,0,0,0,0,0,0,0,57.99583,0
2026-02-25,16:42:48.517270,210766,0,0,0,0,0,0,0,0,57.99355,0
2026-02-25,16:42:48.517270,211843,0,0,0,0,0,0,0,0,57.99126,0
2026-02-25,16:42:48.517270,212921,0,0,0,0,0,0,0,0,57.99583,0
2026-02-25,16:42:48.517270,213999,0,0,0,0,0,0,0,0,57.99583,0
2026-02-25,16:42:53.967219,215682,0,0,0,0,0,0,0,0,57.99812,0
2026-02-25,16:42:53.967219,216761,0,0,0,0,0,0,0,0,57.99583,0
2026-02-25,16:42:53.967219,217838,0,0,0,0,0,0,0,0,57.99583,0
2026-02-25,16:42:53.967219,218916,0,0,0,0,0,0,0,0,57.99355,0
2026-02-25,16:42:53.967219,219995,0,0,0,0,0,0,0,0,57.99355,0
2026-02-25,16:42:59.644448,221134,0,0,0,0,0,0,0,0,57.99583,0
2026-02-25,16:42:59.644448,222211,0,0,0,0,0,0,0,0,57.99583,0
2026-02-25,16:42:59.644448,223291,0,0,0,0,0,0,0,0,57.99355,0
2026-02-25,16:42:59.644448,224368,0,0,0,0,0,0,0,0,57.99583,0
2026-02-25,16:42:59.644448,225446,0,0,0,0,0,0,0,0,57.99812,0
2026-02-25,16:43:05.161627,226810,0,0,0,0,0,0,0,0,57.99812,0
2026-02-25,16:43:05.161627,227887,0,0,0,0,0,0,0,0,57.99583,0
2026-02-25,16:43:05.161627,228965,0,0,0,0,0,0,0,0,57.99812,0
2026-02-25,16:43:05.161627,230044,0,0,0,0,0,0,0,0,57.99812,0
2026-02-25,16:43:05.161627,231122,0,0,0,0,0,0,0,0,57.99812,0
2026-02-25,16:43:10.735906,232361,0,0,0,0,0,0,0,0,57.99355,0
2026-02-25,16:43:10.735906,233439,0,0,0,0,0,0,0,0,57.99583,0
2026-02-25,16:43:10.735906,234517,0,0,0,0,0,0,0,0,57.99355,0
2026-02-25,16:43:10.735906,235596,0,0,0,0,0,0,0,0,57.99583,0
2026-02-25,16:43:10.735906,236674,0,0,0,0,0,0,0,0,57.99355,0
2026-02-25,16:43:16.396705,237909,0,0,0,0,0,0,0,0,57.99583,0
2026-02-25,16:43:16.396705,238987,0,0,0,0,0,0,0,0,57.99355,0
2026-02-25,16:43:16.396705,240066,0,0,0,0,0,0,0,0,57.99583,0
2026-02-25,16:43:16.396705,241144,0,0,0,0,0,0,0,0,57.99355,0
2026-02-25,16:43:16.396705,242222,0,0,0,0,0,0,0,0,57.99355,0
2026-02-25,16:43:21.951553,243595,0,0,0,0,0,0,0,0,57.99355,0
2026-02-25,16:43:21.951553,244673,0,0,0,0,0,0,0,0,57.99355,0
2026-02-25,16:43:21.951553,245750,0,0,0,0,0,0,0,0,57.99355,0
2026-02-25,16:43:21.951553,246830,0,0,0,0,0,0,0,0,57.99355,0
2026-02-25,16:43:21.951553,247907,0,0,0,0,0,0,0,0,57.99583,0
2026-02-25,16:43:27.546692,249262,0,0,0,0,0,0,0,0,57.99126,0
2026-02-25,16:43:27.546692,250341,0,0,0,0,0,0,0,0,57.99355,0
2026-02-25,16:43:27.546692,251419,0,0,0,0,0,0,0,0,57.99355,0
2026-02-25,16:43:27.546692,252497,0,0,0,0,0,0,0,0,57.99126,0
2026-02-25,16:43:27.546692,253576,0,0,0,0,0,0,0,0,57.99355,0
2026-02-25,16:43:33.188728,254715,0,0,0,0,0,0,0,0,57.99355,0
2026-02-25,16:43:33.188728,255793,0,0,0,0,0,0,0,0,57.99355,0
2026-02-25,16:43:33.188728,256872,0,0,0,0,0,0,0,0,57.99355,0
2026-02-25,16:43:33.188728,257950,0,0,0,0,0,0,0,0,57.99355,0
2026-02-25,16:43:33.188728,259028,0,0,0,0,0,0,0,0,57.99126,0
2026-02-25,16:43:38.667737,260365,0,0,0,0,0,0,0,0,57.99355,0
2026-02-25,16:43:38.667737,261443,0,0,0,0,0,0,0,0,57.99355,0
2026-02-25,16:43:38.667737,262521,0,0,0,0,0,0,0,0,57.99355,0
2026-02-25,16:43:38.667737,263599,0,0,0,0,0,0,0,0,57.99355,0
2026-02-25,16:43:38.667737,264678,0,0,0,0,0,0,0,0,57.99355,0
2026-02-25,16:43:44.136386,265841,0,0,0,0,0,0,0,0,57.99126,0
2026-02-25,16:43:44.136386,266920,0,0,0,0,0,0,0,0,57.99355,0
2026-02-25,16:43:44.136386,267998,0,0,0,0,0,0,0,0,57.99355,0
2026-02-25,16:43:44.136386,269075,0,0,0,0,0,0,0,0,57.99126,0
2026-02-25,16:43:44.136386,270152,0,0,0,0,0,0,0,0,57.99355,0
2026-02-25,16:43:50.179502,271585,0,0,0,0,0,0,0,0,57.98898,0
2026-02-25,16:43:50.179502,272664,0,0,0,0,0,0,0,0,57.99126,0
2026-02-25,16:43:50.179502,273742,0,0,0,0,0,0,0,0,57.98898,0
2026-02-25,16:43:50.179502,274820,0,0,0,0,0,0,0,0,57.98898,0
2026-02-25,16:43:50.179502,275898,0,0,0,0,0,0,0,0,57.99126,0
2026-02-25,16:43:55.623384,277346,0,0,0,0,0,0,0,0,57.99126,0
2026-02-25,16:43:55.623384,278424,0,0,0,0,0,0,0,0,57.98898,0
2026-02-25,16:43:55.623384,279501,0,0,0,0,0,0,0,0,57.99126,0
2026-02-25,16:43:55.623384,280579,0,0,0,0,0,0,0,0,57.98898,0
2026-02-25,16:43:55.623384,281659,0,0,0,0,0,0,0,0,57.98898,0
2026-02-25,16:44:01.734039,282794,0,0,0,0,0,0,0,0,57.98898,0
2026-02-25,16:44:01.734039,283872,0,0,0,0,0,0,0,0,57.99126,0
2026-02-25,16:44:01.734039,284951,0,0,0,0,0,0,0,0,57.99126,0
2026-02-25,16:44:01.734039,286029,0,0,0,0,0,0,0,0,57.99126,0
2026-02-25,16:44:01.734039,287107,0,0,0,0,0,0,0,0,57.99355,0
2026-02-25,16:44:07.408154,288992,0,0,0,0,0,0,0,0,57.99126,0
2026-02-25,16:44:07.408154,290071,0,0,0,0,0,0,0,0,57.99126,0
2026-02-25,16:44:07.408154,291149,0,0,0,0,0,0,0,0,57.99126,0
2026-02-25,16:44:07.408154,292227,0,0,0,0,0,0,0,0,57.99126,0
2026-02-25,16:44:07.408154,293305,0,0,0,0,0,0,0,0,57.99126,0
2026-02-25,16:44:13.025792,294720,0,0,0,0,0,0,0,0,57.98898,0
2026-02-25,16:44:13.025792,295797,0,0,0,0,0,0,0,0,57.99126,0
2026-02-25,16:44:13.025792,296875,0,0,0,0,0,0,0,0,57.99126,0
2026-02-25,16:44:13.025792,297953,0,0,0,0,0,0,0,0,57.99126,0
2026-02-25,16:44:13.025792,299030,0,0,0,0,0,0,0,0,57.99355,0
2026-02-25,16:44:18.644686,300227,0,0,0,0,0,0,0,0,57.99126,0
2026-02-25,16:44:18.644686,301306,0,0,0,0,0,0,0,0,57.99355,0
2026-02-25,16:44:18.644686,302384,0,0,0,0,0,0,0,0,57.99126,0
2026-02-25,16:44:18.644686,303461,0,0,0,0,0,0,0,0,57.99355,0
2026-02-25,16:44:18.644686,304538,0,0,0,0,0,0,0,0,57.99355,0
2026-02-25,16:44:25.029551,306094,0,0,0,0,0,0,0,0,57.99355,0
2026-02-25,16:44:25.029551,307172,0,0,0,0,0,0,0,0,57.99355,0
2026-02-25,16:44:25.029551,308249,0,0,0,0,0,0,0,0,57.99583,0
2026-02-25,16:44:25.029551,309329,0,0,0,0,0,0,0,0,57.99583,0
2026-02-25,16:44:25.029551,310407,0,0,0,0,0,0,0,0,57.99583,0
2026-02-25,16:44:30.724425,312249,0,0,0,0,0,0,0,0,57.99355,0
2026-02-25,16:44:30.724425,313327,0,0,0,0,0,0,0,0,57.99126,0
2026-02-25,16:44:30.724425,314407,0,0,0,0,0,0,0,0,57.99126,0
2026-02-25,16:44:30.724425,315484,0,0,0,0,0,0,0,0,57.99126,0
2026-02-25,16:44:30.724425,316562,0,0,0,0,0,0,0,0,57.99126,0
2026-02-25,16:44:36.245601,317899,0,0,0,0,0,0,0,0,57.99355,0
2026-02-25,16:44:36.245601,318977,0,0,0,0,0,0,0,0,57.99126,0
2026-02-25,16:44:36.245601,320055,0,0,0,0,0,0,0,0,57.99126,0
2026-02-25,16:44:36.245601,321133,0,0,0,0,0,0,0,0,57.99126,0
2026-02-25,16:44:36.245601,322212,0,0,0,0,0,0,0,0,57.99126,0
2026-02-25,16:44:41.792058,323418,0,0,0,0,0,0,0,0,57.98898,0
2026-02-25,16:44:41.792058,324495,0,0,0,0,0,0,0,0,57.99126,0
2026-02-25,16:44:41.792058,325573,0,0,0,0,0,0,0,0,57.98898,0
2026-02-25,16:44:41.792058,326651,0,0,0,0,0,0,0,0,57.99126,0
2026-02-25,16:44:41.792058,327730,0,0,0,0,0,0,0,0,57.99126,0
2026-02-25,16:44:47.712786,328973,0,0,0,0,0,0,0,0,57.98898,0
2026-02-25,16:44:47.712786,330050,0,0,0,0,0,0,0,0,57.98898,0
2026-02-25,16:44:47.712786,331128,0,0,0,0,0,0,0,0,57.99126,0
2026-02-25,16:44:47.712786,332206,0,0,0,0,0,0,0,0,57.99126,0
2026-02-25,16:44:47.712786,333285,0,0,0,0,0,0,0,0,57.99126,0
2026-02-25,16:44:54.055612,334883,0,0,0,0,0,0,0,0,57.99126,0
2026-02-25,16:44:54.055612,335961,0,0,0,0,0,0,0,0,57.99126,0
2026-02-25,16:44:54.055612,337039,0,0,0,0,0,0,0,0,57.99126,0
2026-02-25,16:44:54.055612,338117,0,0,0,0,0,0,0,0,57.98898,0
2026-02-25,16:44:54.055612,339196,0,0,0,0,0,0,0,0,57.99126,0
2026-02-25,16:44:59.608665,341321,0,0,0,0,0,0,0,0,57.99126,0
2026-02-25,16:44:59.608665,342399,0,0,0,0,0,0,0,0,57.99126,0
2026-02-25,16:44:59.608665,343476,0,0,0,0,0,0,0,0,57.98898,0
2026-02-25,16:44:59.608665,344555,0,0,0,0,0,0,0,0,57.98898,0
2026-02-25,16:44:59.608665,345633,0,0,0,0,0,0,0,0,57.99126,0
2026-02-25,16:45:05.057339,346779,0,0,0,0,0,0,0,0,57.99126,0
2026-02-25,16:45:05.057339,347856,0,0,0,0,0,0,0,0,57.99355,0
2026-02-25,16:45:05.057339,348934,0,0,0,0,0,0,0,0,57.99355,0
2026-02-25,16:45:05.057339,350012,0,0,0,0,0,0,0,0,57.99355,0
2026-02-25,16:45:05.057339,351091,0,0,0,0,0,0,0,0,57.99355,0
2026-02-25,16:45:10.559124,352252,0,0,0,0,0,0,0,0,57.99355,0
2026-02-25,16:45:10.559124,353332,0,0,0,0,0,0,0,0,57.99355,0
2026-02-25,16:45:10.559124,354410,0,0,0,0,0,0,0,0,57.99583,0
2026-02-25,16:45:10.559124,355487,0,0,0,0,0,0,0,0,57.99583,0
2026-02-25,16:45:10.559124,356565,0,0,0,0,0,0,0,0,57.99355,0
2026-02-25,16:45:16.069235,357734,0,0,0,0,0,0,0,0,57.99355,0
2026-02-25,16:45:16.069235,358812,0,0,0,0,0,0,0,0,57.99355,0
2026-02-25,16:45:16.069235,359891,0,0,0,0,0,0,0,0,57.99355,0
2026-02-25,16:45:16.069235,360969,0,0,0,0,0,0,0,0,57.99355,0
2026-02-25,16:45:16.069235,362046,0,0,0,0,0,0,0,0,57.99355,0
2026-02-25,16:45:21.725087,363248,0,0,0,0,0,0,0,0,57.99355,0
2026-02-25,16:45:21.725087,364326,0,0,0,0,0,0,0,0,57.99355,0
2026-02-25,16:45:21.725087,365406,0,0,0,0,0,0,0,0,57.99355,0
2026-02-25,16:45:21.725087,366484,0,0,0,0,0,0,0,0,57.99126,0
2026-02-25,16:45:21.725087,367561,0,0,0,0,0,0,0,0,57.99126,0
2026-02-25,16:45:27.207422,368897,0,0,0,0,0,0,0,0,57.99126,0
2026-02-25,16:45:27.207422,369975,0,0,0,0,0,0,0,0,57.98898,0
2026-02-25,16:45:27.207422,371052,0,0,0,0,0,0,0,0,57.99126,0
2026-02-25,16:45:27.207422,372130,0,0,0,0,0,0,0,0,57.99355,0
2026-02-25,16:45:27.207422,373209,0,0,0,0,0,0,0,0,57.99126,0
2026-02-25,16:45:32.662068,374380,0,0,0,0,0,0,0,0,57.98898,0
2026-02-25,16:45:32.662068,375459,0,0,0,0,0,0,0,0,57.99126,0
2026-02-25,16:45:32.662068,376537,0,0,0,0,0,0,0,0,57.99126,0
2026-02-25,16:45:32.662068,377615,0,0,0,0,0,0,0,0,57.99126,0
2026-02-25,16:45:32.662068,378692,0,0,0,0,0,0,0,0,57.99355,0
2026-02-25,16:45:38.361207,379838,0,0,0,0,0,0,0,0,57.99355,0
2026-02-25,16:45:38.361207,380915,0,0,0,0,0,0,0,0,57.99355,0
2026-02-25,16:45:38.361207,381995,0,0,0,0,0,0,0,0,57.99355,0
2026-02-25,16:45:38.361207,383072,0,0,0,0,0,0,0,0,57.99126,0
2026-02-25,16:45:38.361207,384150,0,0,0,0,0,0,0,0,57.99126,0
2026-02-25,16:45:43.842098,385534,0,0,0,0,0,0,0,0,57.99355,0
2026-02-25,16:45:43.842098,386612,0,0,0,0,0,0,0,0,57.99583,0
2026-02-25,16:45:43.842098,387690,0,0,0,0,0,0,0,0,57.99583,0
2026-02-25,16:45:43.842098,388769,0,0,0,0,0,0,0,0,57.99583,0
2026-02-25,16:45:43.842098,389847,0,0,0,0,0,0,0,0,57.99583,0
2026-02-25,16:45:49.331010,391040,0,0,0,0,0,0,0,0,57.99355,0
2026-02-25,16:45:49.331010,392118,0,0,0,0,0,0,0,0,57.99126,0
2026-02-25,16:45:49.331010,393196,0,0,0,0,0,0,0,0,57.99126,0
2026-02-25,16:45:49.331010,394276,0,0,0,0,0,0,0,0,57.99355,0
2026-02-25,16:45:49.331010,395354,0,0,0,0,0,0,0,0,57.99126,0
2026-02-25,16:45:55.295642,396517,0,0,0,0,0,0,0,0,57.99126,0
2026-02-25,16:45:55.295642,397596,0,0,0,0,0,0,0,0,57.99355,0
2026-02-25,16:45:55.295642,398674,0,0,0,0,0,0,0,0,57.99355,0
2026-02-25,16:45:55.295642,399752,0,0,0,0,0,0,0,0,57.99583,0
2026-02-25,16:45:55.295642,400830,0,0,0,0,0,0,0,0,57.99355,0
2026-02-25,16:46:00.739751,402469,0,0,0,0,0,0,0,0,57.99355,0
2026-02-25,16:46:00.739751,403547,0,0,0,0,0,0,0,0,57.99355,0
2026-02-25,16:46:00.739751,404625,0,0,0,0,0,0,0,0,57.99355,0
2026-02-25,16:46:00.739751,405703,0,0,0,0,0,0,0,0,57.99355,0
2026-02-25,16:46:00.739751,406782,0,0,0,0,0,0,0,0,57.99126,0
2026-02-25,16:46:06.224450,407913,0,0,0,0,0,0,0,0,57.99355,0
2026-02-25,16:46:06.224450,408991,0,0,0,0,0,0,0,0,57.99126,0
2026-02-25,16:46:06.224450,410070,0,0,0,0,0,0,0,0,57.99355,0
2026-02-25,16:46:06.224450,411148,0,0,0,0,0,0,0,0,57.99126,0
2026-02-25,16:46:06.224450,412225,0,0,0,0,0,0,0,0,57.99355,0
2026-02-25,16:46:11.688208,413402,0,0,0,0,0,0,0,0,57.99355,0
2026-02-25,16:46:11.688208,414479,0,0,0,0,0,0,0,0,57.99355,0
2026-02-25,16:46:11.688208,415557,0,0,0,0,0,0,0,0,57.99583,0
2026-02-25,16:46:11.688208,416636,0,0,0,0,0,0,0,0,57.99355,0
2026-02-25,16:46:11.688208,417714,0,0,0,0,0,0,0,0,57.99583,0
2026-02-25,16:46:17.620123,418868,0,0,0,0,0,0,0,0,57.99583,0
2026-02-25,16:46:17.620123,419945,0,0,0,0,0,0,0,0,57.99583,0
2026-02-25,16:46:17.620123,421023,0,0,0,0,0,0,0,0,57.99355,0
2026-02-25,16:46:17.620123,422101,0,0,0,0,0,0,0,0,57.99583,0
2026-02-25,16:46:17.620123,423180,0,0,0,0,0,0,0,0,57.99355,0
2026-02-25,16:46:23.371549,424794,0,0,0,0,0,0,0,0,57.99583,0
2026-02-25,16:46:23.371549,425872,0,0,0,0,0,0,0,0,57.99583,0
2026-02-25,16:46:23.371549,426950,0,0,0,0,0,0,0,0,57.99583,0
2026-02-25,16:46:23.371549,428028,0,0,0,0,0,0,0,0,57.99583,0
2026-02-25,16:46:23.371549,429107,0,0,0,0,0,0,0,0,57.99583,0
2026-02-25,16:46:29.294089,430557,0,0,0,0,0,0,0,0,57.99812,0
2026-02-25,16:46:29.294089,431635,0,0,0,0,0,0,0,0,57.99583,0
2026-02-25,16:46:29.294089,432713,0,0,0,0,0,0,0,0,57.99583,0
2026-02-25,16:46:29.294089,433791,0,0,0,0,0,0,0,0,57.99812,0
2026-02-25,16:46:29.294089,434870,0,0,0,0,0,0,0,0,57.99583,0
2026-02-25,16:46:34.743763,436471,0,0,0,0,0,0,0,0,57.99583,0
2026-02-25,16:46:34.743763,437549,0,0,0,0,0,0,0,0,57.99583,0
2026-02-25,16:46:34.743763,438627,0,0,0,0,0,0,0,0,57.99812,0
2026-02-25,16:46:34.743763,439705,0,0,0,0,0,0,0,0,57.99355,0
2026-02-25,16:46:34.743763,440784,0,0,0,0,0,0,0,0,57.99583,0
2026-02-25,16:46:40.568023,441924,0,0,0,0,0,0,0,0,57.99583,0
2026-02-25,16:46:40.568023,443002,0,0,0,0,0,0,0,0,57.99583,0
2026-02-25,16:46:40.568023,444082,0,0,0,0,0,0,0,0,57.99583,0
2026-02-25,16:46:40.568023,445159,0,0,0,0,0,0,0,0,57.99812,0
2026-02-25,16:46:40.568023,446237,0,0,0,0,0,0,0,0,57.99355,0
2026-02-25,16:46:46.493844,447748,0,0,0,0,0,0,0,0,57.99583,0
2026-02-25,16:46:46.493844,448826,0,0,0,0,0,0,0,0,57.99583,0
2026-02-25,16:46:46.493844,449904,0,0,0,0,0,0,0,0,57.99583,0
2026-02-25,16:46:46.493844,450981,0,0,0,0,0,0,0,0,57.99355,0
2026-02-25,16:46:46.493844,452061,0,0,0,0,0,0,0,0,57.99812,0
2026-02-25,16:46:51.941572,453671,0,0,0,0,0,0,0,0,57.99812,0
2026-02-25,16:46:51.941572,454749,0,0,0,0,0,0,0,0,57.99583,0
2026-02-25,16:46:51.941572,455827,0,0,0,0,0,0,0,0,58.0004,0
2026-02-25,16:46:51.941572,456905,0,0,0,0,0,0,0,0,57.99583,0
2026-02-25,16:46:51.941572,457984,0,0,0,0,0,0,0,0,57.99583,0
2026-02-25,16:46:57.567048,459123,0,0,0,0,0,0,0,0,57.99583,0
2026-02-25,16:46:57.567048,460201,0,0,0,0,0,0,0,0,57.99355,0
2026-02-25,16:46:57.567048,461280,0,0,0,0,0,0,0,0,57.99355,0
2026-02-25,16:46:57.567048,462358,0,0,0,0,0,0,0,0,57.99355,0
2026-02-25,16:46:57.567048,463436,0,0,0,0,0,0,0,0,57.99583,0
2026-02-25,16:47:03.498960,464746,0,0,0,0,0,0,0,0,57.99355,0
2026-02-25,16:47:03.498960,465824,0,0,0,0,0,0,0,0,57.99583,0
2026-02-25,16:47:03.498960,466902,0,0,0,0,0,0,0,0,57.99583,0
2026-02-25,16:47:03.498960,467980,0,0,0,0,0,0,0,0,57.99812,0
2026-02-25,16:47:03.498960,469059,0,0,0,0,0,0,0,0,57.99583,0
2026-02-25,16:47:08.966333,470678,0,0,0,0,0,0,0,0,57.99355,0
2026-02-25,16:47:08.966333,471756,0,0,0,0,0,0,0,0,57.99355,0
2026-02-25,16:47:08.966333,472834,0,0,0,0,0,0,0,0,57.99355,0
2026-02-25,16:47:08.966333,473911,0,0,0,0,0,0,0,0,57.99355,0
2026-02-25,16:47:08.966333,474991,0,0,0,0,0,0,0,0,57.99126,0
2026-02-25,16:47:14.475437,476189,0,0,0,0,0,0,0,0,57.99355,0
2026-02-25,16:47:14.475437,477268,0,0,0,0,0,0,0,0,57.99355,0
2026-02-25,16:47:14.475437,478346,0,0,0,0,0,0,0,0,57.99355,0
2026-02-25,16:47:14.475437,479424,0,0,0,0,0,0,0,0,57.99126,0
2026-02-25,16:47:14.475437,480501,0,0,0,0,0,0,0,0,57.99355,0
2026-02-25,16:47:20.311285,481661,0,0,0,0,0,0,0,0,57.99126,0
2026-02-25,16:47:20.311285,482738,0,0,0,0,0,0,0,0,57.99355,0
2026-02-25,16:47:20.311285,483818,0,0,0,0,0,0,0,0,57.99355,0
2026-02-25,16:47:20.311285,484896,0,0,0,0,0,0,0,0,57.99355,0
2026-02-25,16:47:20.311285,485974,0,0,0,0,0,0,0,0,57.99126,0
2026-02-25,16:47:26.034775,487494,0,0,0,0,0,0,0,0,57.99126,0
2026-02-25,16:47:26.034775,488572,0,0,0,0,0,0,0,0,57.99126,0
2026-02-25,16:47:26.034775,489649,0,0,0,0,0,0,0,0,57.99126,0
2026-02-25,16:47:26.034775,490727,0,0,0,0,0,0,0,0,57.99126,0
2026-02-25,16:47:26.034775,491806,0,0,0,0,0,0,0,0,57.99126,0
2026-02-25,16:47:31.480485,493214,0,0,0,0,0,0,0,0,57.98898,0
2026-02-25,16:47:31.480485,494292,0,0,0,0,0,0,0,0,57.99126,0
2026-02-25,16:47:31.480485,495369,0,0,0,0,0,0,0,0,57.98898,0
2026-02-25,16:47:31.480485,496447,0,0,0,0,0,0,0,0,57.99126,0
2026-02-25,16:47:31.480485,497526,0,0,0,0,0,0,0,0,57.99126,0
2026-02-25,16:47:36.990492,498676,0,0,0,0,0,0,0,0,57.99126,0
2026-02-25,16:47:36.990492,499754,0,0,0,0,0,0,0,0,57.99126,0
2026-02-25,16:47:36.990492,500832,0,0,0,0,0,0,0,0,57.99126,0
2026-02-25,16:47:36.990492,501910,0,0,0,0,0,0,0,0,57.99126,0
2026-02-25,16:47:36.990492,502987,0,0,0,0,0,0,0,0,57.99126,0
2026-02-25,16:47:43.018778,504169,0,0,0,0,0,0,0,0,57.99126,0
2026-02-25,16:47:43.018778,505247,0,0,0,0,0,0,0,0,57.99126,0
2026-02-25,16:47:43.018778,506326,0,0,0,0,0,0,0,0,57.98898,0
2026-02-25,16:47:43.018778,507404,0,0,0,0,0,0,0,0,57.99126,0
2026-02-25,16:47:43.018778,508482,0,0,0,0,0,0,0,0,57.98898,0
2026-02-25,16:47:48.577524,510200,0,0,0,0,0,0,0,0,57.99126,0
2026-02-25,16:47:48.577524,511279,0,0,0,0,0,0,0,0,57.98898,0
2026-02-25,16:47:48.577524,512356,0,0,0,0,0,0,0,0,57.98898,0
2026-02-25,16:47:48.577524,513434,0,0,0,0,0,0,0,0,57.98898,0
2026-02-25,16:47:48.577524,514513,0,0,0,0,0,0,0,0,57.99126,0
2026-02-25,16:47:54.084977,515824,0,0,0,0,0,0,0,0,57.99126,0
2026-02-25,16:47:54.084977,516902,0,0,0,0,0,0,0,0,57.99126,0
2026-02-25,16:47:54.084977,517981,0,0,0,0,0,0,0,0,57.99126,0
2026-02-25,16:47:54.084977,519060,0,0,0,0,0,0,0,0,57.99355,0
2026-02-25,16:47:54.084977,520137,0,0,0,0,0,0,0,0,57.99126,0
2026-02-25,16:48:00.018637,521272,0,0,0,0,0,0,0,0,57.99126,0
2026-02-25,16:48:00.018637,522349,0,0,0,0,0,0,0,0,57.99126,0
2026-02-25,16:48:00.018637,523427,0,0,0,0,0,0,0,0,57.99126,0
2026-02-25,16:48:00.018637,524505,0,0,0,0,0,0,0,0,57.99355,0
2026-02-25,16:48:00.018637,525584,0,0,0,0,0,0,0,0,57.99126,0
2026-02-25,16:48:06.164489,527393,0,0,0,0,0,0,0,0,57.99126,0
2026-02-25,16:48:06.164489,528472,0,0,0,0,0,0,0,0,57.99126,0
2026-02-25,16:48:06.164489,529550,0,0,0,0,0,0,0,0,57.98898,0
2026-02-25,16:48:06.164489,530628,0,0,0,0,0,0,0,0,57.98898,0
2026-02-25,16:48:06.164489,531705,0,0,0,0,0,0,0,0,57.98898,0
2026-02-25,16:48:11.909094,533347,0,0,0,0,0,0,0,0,57.9867,0
2026-02-25,16:48:11.909094,534425,0,0,0,0,0,0,0,0,57.98898,0
2026-02-25,16:48:11.909094,535503,0,0,0,0,0,0,0,0,57.99126,0
2026-02-25,16:48:11.909094,536580,0,0,0,0,0,0,0,0,57.99126,0
2026-02-25,16:48:11.909094,537660,0,0,0,0,0,0,0,0,57.98898,0
2026-02-25,16:48:17.946227,539089,0,0,0,0,0,0,0,0,57.99126,0
2026-02-25,16:48:17.946227,540166,0,0,0,0,0,0,0,0,57.99126,0
2026-02-25,16:48:17.946227,541244,0,0,0,0,0,0,0,0,57.99355,0
2026-02-25,16:48:17.946227,542322,0,0,0,0,0,0,0,0,57.99126,0
2026-02-25,16:48:17.946227,543401,0,0,0,0,0,0,0,0,57.99355,0
2026-02-25,16:48:23.606517,545169,0,0,0,0,0,0,0,0,57.99126,0
2026-02-25,16:48:23.606517,546247,0,0,0,0,0,0,0,0,57.99355,0
2026-02-25,16:48:23.606517,547325,0,0,0,0,0,0,0,0,57.99355,0
2026-02-25,16:48:23.606517,548403,0,0,0,0,0,0,0,0,57.99355,0
2026-02-25,16:48:23.606517,549480,0,0,0,0,0,0,0,0,57.99126,0
2026-02-25,16:48:29.119720,550793,0,0,0,0,0,0,0,0,57.98898,0
2026-02-25,16:48:29.119720,551871,0,0,0,0,0,0,0,0,57.98898,0
2026-02-25,16:48:29.119720,552949,0,0,0,0,0,0,0,0,57.99126,0
2026-02-25,16:48:29.119720,554028,0,0,0,0,0,0,0,0,57.98898,0
2026-02-25,16:48:29.119720,555106,0,0,0,0,0,0,0,0,57.98898,0
2026-02-25,16:48:34.860866,556576,0,0,0,0,0,0,0,0,57.98898,0
2026-02-25,16:48:34.860866,557655,0,0,0,0,0,0,0,0,57.99126,0
2026-02-25,16:48:34.860866,558732,0,0,0,0,0,0,0,0,57.9867,0
2026-02-25,16:48:34.860866,559812,0,0,0,0,0,0,0,0,57.98898,0
2026-02-25,16:48:34.860866,560889,0,0,0,0,0,0,0,0,57.99126,0
2026-02-25,16:48:40.584983,562053,0,0,0,0,0,0,0,0,57.99355,0
2026-02-25,16:48:40.584983,563131,0,0,0,0,0,0,0,0,57.98898,0
2026-02-25,16:48:40.584983,564208,0,0,0,0,0,0,0,0,57.99355,0
2026-02-25,16:48:40.584983,565286,0,0,0,0,0,0,0,0,57.98898,0
2026-02-25,16:48:40.584983,566365,0,0,0,0,0,0,0,0,57.99355,0
2026-02-25,16:48:46.511242,567769,0,0,0,0,0,0,0,0,57.98898,0
2026-02-25,16:48:46.511242,568847,0,0,0,0,0,0,0,0,57.99126,0
2026-02-25,16:48:46.511242,569925,0,0,0,0,0,0,0,0,57.99355,0
2026-02-25,16:48:46.511242,571003,0,0,0,0,0,0,0,0,57.99126,0
2026-02-25,16:48:46.511242,572082,0,0,0,0,0,0,0,0,57.99583,0
2026-02-25,16:48:51.961258,573701,0,0,0,0,0,0,0,0,57.99355,0
2026-02-25,16:48:51.961258,574779,0,0,0,0,0,0,0,0,57.99583,0
2026-02-25,16:48:51.961258,575857,0,0,0,0,0,0,0,0,57.99355,0
2026-02-25,16:48:51.961258,576935,0,0,0,0,0,0,0,0,57.99355,0
2026-02-25,16:48:51.961258,578014,0,0,0,0,0,0,0,0,57.99355,0
2026-02-25,16:48:57.978042,579145,0,0,0,0,0,0,0,0,57.99583,0
2026-02-25,16:48:57.978042,580222,0,0,0,0,0,0,0,0,57.99583,0
2026-02-25,16:48:57.978042,581302,0,0,0,0,0,0,0,0,57.99355,0
2026-02-25,16:48:57.978042,582379,0,0,0,0,0,0,0,0,57.99355,0
2026-02-25,16:48:57.978042,583457,0,0,0,0,0,0,0,0,57.99355,0
2026-02-25,16:49:03.420085,585160,0,0,0,0,0,0,0,0,57.99355,0
2026-02-25,16:49:03.420085,586239,0,0,0,0,0,0,0,0,57.99355,0
2026-02-25,16:49:03.420085,587317,0,0,0,0,0,0,0,0,57.99355,0
2026-02-25,16:49:03.420085,588394,0,0,0,0,0,0,0,0,57.99126,0
2026-02-25,16:49:03.420085,589474,0,0,0,0,0,0,0,0,57.99126,0
2026-02-25,16:49:08.873586,590608,0,0,0,0,0,0,0,0,57.99355,0
2026-02-25,16:49:08.873586,591686,0,0,0,0,0,0,0,0,57.99126,0
2026-02-25,16:49:08.873586,592765,0,0,0,0,0,0,0,0,57.99126,0
2026-02-25,16:49:08.873586,593843,0,0,0,0,0,0,0,0,57.99126,0
2026-02-25,16:49:08.873586,594921,0,0,0,0,0,0,0,0,57.99126,0
2026-02-25,16:49:14.885204,596617,0,0,0,0,0,0,0,0,57.98898,0
2026-02-25,16:49:14.885204,597696,0,0,0,0,0,0,0,0,57.98898,0
2026-02-25,16:49:14.885204,598774,0,0,0,0,0,0,0,0,57.99126,0
2026-02-25,16:49:14.885204,599851,0,0,0,0,0,0,0,0,57.98898,0
2026-02-25,16:49:14.885204,600930,0,0,0,0,0,0,0,0,57.99126,0
2026-02-25,16:49:20.732987,602072,0,0,0,0,0,0,0,0,57.98898,0
2026-02-25,16:49:20.732987,603150,0,0,0,0,0,0,0,0,57.98898,0
2026-02-25,16:49:20.732987,604229,0,0,0,0,0,0,0,0,57.98898,0
2026-02-25,16:49:20.732987,605307,0,0,0,0,0,0,0,0,57.99126,0
2026-02-25,16:49:20.732987,606385,0,0,0,0,0,0,0,0,57.98898,0
2026-02-25,16:49:26.566419,607916,0,0,0,0,0,0,0,0,57.9867,0
2026-02-25,16:49:26.566419,608994,0,0,0,0,0,0,0,0,57.9867,0
2026-02-25,16:49:26.566419,610072,0,0,0,0,0,0,0,0,57.9867,0
2026-02-25,16:49:26.566419,611150,0,0,0,0,0,0,0,0,57.9867,0
2026-02-25,16:49:26.566419,612229,0,0,0,0,0,0,0,0,57.9867,0
2026-02-25,16:49:32.022023,613753,0,0,0,0,0,0,0,0,57.9867,0
2026-02-25,16:49:32.022023,614831,0,0,0,0,0,0,0,0,57.98441,0
2026-02-25,16:49:32.022023,615910,0,0,0,0,0,0,0,0,57.98441,0
2026-02-25,16:49:32.022023,616988,0,0,0,0,0,0,0,0,57.9867,0
2026-02-25,16:49:32.022023,618065,0,0,0,0,0,0,0,0,57.98898,0
2026-02-25,16:49:37.523198,619212,0,0,0,0,0,0,0,0,57.98898,0
2026-02-25,16:49:37.523198,620290,0,0,0,0,0,0,0,0,57.98898,0
2026-02-25,16:49:37.523198,621367,0,0,0,0,0,0,0,0,57.99126,0
2026-02-25,16:49:37.523198,622447,0,0,0,0,0,0,0,0,57.98898,0
2026-02-25,16:49:37.523198,623525,0,0,0,0,0,0,0,0,57.98898,0
2026-02-25,16:49:42.973507,624710,0,0,0,0,0,0,0,0,57.98898,0
2026-02-25,16:49:42.973507,625788,0,0,0,0,0,0,0,0,57.98898,0
2026-02-25,16:49:42.973507,626866,0,0,0,0,0,0,0,0,57.9867,0
2026-02-25,16:49:42.973507,627944,0,0,0,0,0,0,0,0,57.98898,0
2026-02-25,16:49:42.973507,629023,0,0,0,0,0,0,0,0,57.98898,0
2026-02-25,16:49:48.973120,630158,0,0,0,0,0,0,0,0,57.98898,0
2026-02-25,16:49:48.973120,631235,0,0,0,0,0,0,0,0,57.99126,0
2026-02-25,16:49:48.973120,632315,0,0,0,0,0,0,0,0,57.98898,0
2026-02-25,16:49:48.973120,633392,0,0,0,0,0,0,0,0,57.99355,0
2026-02-25,16:49:48.973120,634470,0,0,0,0,0,0,0,0,57.99126,0
2026-02-25,16:49:54.416675,636158,0,0,0,0,0,0,0,0,57.99126,0
2026-02-25,16:49:54.416675,637236,0,0,0,0,0,0,0,0,57.99355,0
2026-02-25,16:49:54.416675,638314,0,0,0,0,0,0,0,0,57.99126,0
2026-02-25,16:49:54.416675,639391,0,0,0,0,0,0,0,0,57.99126,0
2026-02-25,16:49:54.416675,640471,0,0,0,0,0,0,0,0,57.99126,0
2026-02-25,16:49:59.992759,641609,0,0,0,0,0,0,0,0,57.99126,0
2026-02-25,16:49:59.992759,642686,0,0,0,0,0,0,0,0,57.99126,0
2026-02-25,16:49:59.992759,643766,0,0,0,0,0,0,0,0,57.99355,0
2026-02-25,16:49:59.992759,644843,0,0,0,0,0,0,0,0,57.99355,0
2026-02-25,16:49:59.992759,645921,0,0,0,0,0,0,0,0,57.99126,0
2026-02-25,16:50:05.744028,647409,0,0,0,0,0,0,0,0,57.99126,0
2026-02-25,16:50:05.744028,648489,0,0,0,0,0,0,0,0,57.99355,0
2026-02-25,16:50:05.744028,649566,0,0,0,0,0,0,0,0,57.99126,0
2026-02-25,16:50:05.744028,650644,0,0,0,0,0,0,0,0,57.98898,0
2026-02-25,16:50:05.744028,651723,0,0,0,0,0,0,0,0,57.99126,0
2026-02-25,16:50:11.706358,652928,0,0,0,0,0,0,0,0,57.99126,0
2026-02-25,16:50:11.706358,654008,0,0,0,0,0,0,0,0,57.99126,0
2026-02-25,16:50:11.706358,655085,0,0,0,0,0,0,0,0,57.99126,0
2026-02-25,16:50:11.706358,656163,0,0,0,0,0,0,0,0,57.99126,0
2026-02-25,16:50:11.706358,657241,0,0,0,0,0,0,0,0,57.99355,0
2026-02-25,16:50:17.645973,658898,0,0,0,0,0,0,0,0,57.99126,0
2026-02-25,16:50:17.645973,659976,0,0,0,0,0,0,0,0,57.99355,0
2026-02-25,16:50:17.645973,661053,0,0,0,0,0,0,0,0,57.99126,0
2026-02-25,16:50:17.645973,662132,0,0,0,0,0,0,0,0,57.99355,0
2026-02-25,16:50:17.645973,663211,0,0,0,0,0,0,0,0,57.99126,0
2026-02-25,16:50:23.201843,664839,0,0,0,0,0,0,0,0,57.99583,0
2026-02-25,16:50:23.201843,665916,0,0,0,0,0,0,0,0,57.99355,0
2026-02-25,16:50:23.201843,666994,0,0,0,0,0,0,0,0,57.99355,0
2026-02-25,16:50:23.201843,668072,0,0,0,0,0,0,0,0,57.99355,0
2026-02-25,16:50:23.201843,669151,0,0,0,0,0,0,0,0,57.99583,0
2026-02-25,16:50:28.688905,670407,0,0,0,0,0,0,0,0,57.99126,0
2026-02-25,16:50:28.688905,671484,0,0,0,0,0,0,0,0,57.99355,0
2026-02-25,16:50:28.688905,672562,0,0,0,0,0,0,0,0,57.99126,0
2026-02-25,16:50:28.688905,673640,0,0,0,0,0,0,0,0,57.99126,0
2026-02-25,16:50:28.688905,674718,0,0,0,0,0,0,0,0,57.99126,0
2026-02-25,16:50:34.202582,675882,0,0,0,0,0,0,0,0,57.99126,0
2026-02-25,16:50:34.202582,676961,0,0,0,0,0,0,0,0,57.99126,0
2026-02-25,16:50:34.202582,678039,0,0,0,0,0,0,0,0,57.99126,0
2026-02-25,16:50:34.202582,679117,0,0,0,0,0,0,0,0,57.99126,0
2026-02-25,16:50:34.202582,680197,0,0,0,0,0,0,0,0,57.99126,0
2026-02-25,16:50:39.686170,681390,0,0,0,0,0,0,0,0,57.99355,0
2026-02-25,16:50:39.686170,682470,0,0,0,0,0,0,0,0,57.99126,0
2026-02-25,16:50:39.686170,683547,0,0,0,0,0,0,0,0,57.98898,0
2026-02-25,16:50:39.686170,684625,0,0,0,0,0,0,0,0,57.99126,0
2026-02-25,16:50:39.686170,685703,0,0,0,0,0,0,0,0,57.99126,0
2026-02-25,16:50:46.206947,687450,0,0,0,0,0,0,0,0,57.99126,0
2026-02-25,16:50:46.206947,688528,0,0,0,0,0,0,0,0,57.98898,0
2026-02-25,16:50:46.206947,689606,0,0,0,0,0,0,0,0,57.99355,0
2026-02-25,16:50:46.206947,690685,0,0,0,0,0,0,0,0,57.99355,0
2026-02-25,16:50:46.206947,691763,0,0,0,0,0,0,0,0,57.99355,0
2026-02-25,16:50:52.255759,693397,0,0,0,0,0,0,0,0,57.99126,0
2026-02-25,16:50:52.255759,694474,0,0,0,0,0,0,0,0,57.99126,0
2026-02-25,16:50:52.255759,695553,0,0,0,0,0,0,0,0,57.99583,0
2026-02-25,16:50:52.255759,696631,0,0,0,0,0,0,0,0,57.99126,0
2026-02-25,16:50:52.255759,697709,0,0,0,0,0,0,0,0,57.99126,0
2026-02-25,16:50:58.241632,699443,0,0,0,0,0,0,0,0,57.99355,0
2026-02-25,16:50:58.241632,700522,0,0,0,0,0,0,0,0,57.99126,0
2026-02-25,16:50:58.241632,701599,0,0,0,0,0,0,0,0,57.99126,0
2026-02-25,16:50:58.241632,702677,0,0,0,0,0,0,0,0,57.98898,0
2026-02-25,16:50:58.241632,703757,0,0,0,0,0,0,0,0,57.99126,0
2026-02-25,16:51:03.754482,705439,0,0,0,0,0,0,0,0,57.99126,0
2026-02-25,16:51:03.754482,706517,0,0,0,0,0,0,0,0,57.98898,0
2026-02-25,16:51:03.754482,707595,0,0,0,0,0,0,0,0,57.99355,0
2026-02-25,16:51:03.754482,708674,0,0,0,0,0,0,0,0,57.98898,0
2026-02-25,16:51:03.754482,709752,0,0,0,0,0,0,0,0,57.99126,0
2026-02-25,16:51:09.477299,711208,0,0,0,0,0,0,0,0,57.99126,0
2026-02-25,16:51:09.477299,712286,0,0,0,0,0,0,0,0,57.99126,0
2026-02-25,16:51:09.477299,713364,0,0,0,0,0,0,0,0,57.98898,0
2026-02-25,16:51:09.477299,714443,0,0,0,0,0,0,0,0,57.9867,0
2026-02-25,16:51:09.477299,715521,0,0,0,0,0,0,0,0,57.99126,0
2026-02-25,16:51:15.297852,716679,0,0,0,0,0,0,0,0,57.99126,0
2026-02-25,16:51:15.297852,717757,0,0,0,0,0,0,0,0,57.99126,0
2026-02-25,16:51:15.297852,718834,0,0,0,0,0,0,0,0,57.99126,0
2026-02-25,16:51:15.297852,719912,0,0,0,0,0,0,0,0,57.99126,0
2026-02-25,16:51:15.297852,720991,0,0,0,0,0,0,0,0,57.99126,0
2026-02-25,16:51:21.142551,722488,0,0,0,0,0,0,0,0,57.99126,0
2026-02-25,16:51:21.142551,723566,0,0,0,0,0,0,0,0,57.99126,0
2026-02-25,16:51:21.142551,724645,0,0,0,0,0,0,0,0,57.99355,0
2026-02-25,16:51:21.142551,725723,0,0,0,0,0,0,0,0,57.99355,0
2026-02-25,16:51:21.142551,726800,0,0,0,0,0,0,0,0,57.99355,0
2026-02-25,16:51:26.887935,728334,0,0,0,0,0,0,0,0,57.99355,0
2026-02-25,16:51:26.887935,729412,0,0,0,0,0,0,0,0,57.99126,0
2026-02-25,16:51:26.887935,730490,0,0,0,0,0,0,0,0,57.99126,0
2026-02-25,16:51:26.887935,731567,0,0,0,0,0,0,0,0,57.98898,0
2026-02-25,16:51:26.887935,732647,0,0,0,0,0,0,0,0,57.98898,0
2026-02-25,16:51:32.357754,734092,0,0,0,0,0,0,0,0,57.98898,0
2026-02-25,16:51:32.357754,735169,0,0,0,0,0,0,0,0,57.99126,0
2026-02-25,16:51:32.357754,736247,0,0,0,0,0,0,0,0,57.98898,0
2026-02-25,16:51:32.357754,737325,0,0,0,0,0,0,0,0,57.98898,0
2026-02-25,16:51:32.357754,738404,0,0,0,0,0,0,0,0,57.99126,0
2026-02-25,16:51:38.334285,739574,0,0,0,0,0,0,0,0,57.98898,0
2026-02-25,16:51:38.334285,740653,0,0,0,0,0,0,0,0,57.98898,0
2026-02-25,16:51:38.334285,741731,0,0,0,0,0,0,0,0,57.9867,0
2026-02-25,16:51:38.334285,742809,0,0,0,0,0,0,0,0,57.98898,0
2026-02-25,16:51:38.334285,743887,0,0,0,0,0,0,0,0,57.98898,0
2026-02-25,16:51:43.792653,745526,0,0,0,0,0,0,0,0,57.99126,0
2026-02-25,16:51:43.792653,746604,0,0,0,0,0,0,0,0,57.99126,0
2026-02-25,16:51:43.792653,747682,0,0,0,0,0,0,0,0,57.98898,0
2026-02-25,16:51:43.792653,748759,0,0,0,0,0,0,0,0,57.98898,0
2026-02-25,16:51:43.792653,749839,0,0,0,0,0,0,0,0,57.99126,0
