date,time,time_passed_since_start,Current Out 1,Current Out 2,Current In 1,Current In 2,Voltage,Lost Data
2026-02-25,14:23:52.596663,0,-0.142499995,1.076249981,2.78625,1.080000019,57.16575,0
2026-02-25,14:23:52.596663,1089,-0.086249995,1.083749962,2.846249962,1.091250038,57.16125,0
2026-02-25,14:23:52.596663,2177,-0.108749998,1.091250038,2.823750114,1.125,57.16125,0
2026-02-25,14:23:52.596663,3264,-0.123749995,1.064999962,2.827500153,1.05375,57.159,0
2026-02-25,14:23:52.596663,4352,-0.108749998,1.083749962,2.83125,1.091250038,57.16575,0
2026-02-25,14:23:58.077472,5495,-0.138750005,1.094999981,2.790000153,1.113750076,57.16575,0
2026-02-25,14:23:58.077472,6582,-0.15,1.072499943,2.778750038,1.098750019,57.168,0
2026-02-25,14:23:58.077472,7670,-0.067500001,1.06875,2.820000076,1.057499981,57.1635,0
2026-02-25,14:23:58.077472,8757,-0.093750006,1.094999981,2.8125,1.117500019,57.1635,0
2026-02-25,14:23:58.077472,9845,-0.15,1.083749962,2.797499847,1.0875,57.16575,0
2026-02-25,14:24:03.581755,10980,-0.101250005,1.0875,2.804999924,1.110000038,57.1635,0
2026-02-25,14:24:03.581755,12069,-0.12,1.064999962,2.78625,1.06875,57.16125,0
2026-02-25,14:24:03.581755,13156,-0.089999998,1.061250019,2.827500153,1.0425,57.1635,0
2026-02-25,14:24:03.581755,14243,-0.097500002,1.0875,2.820000076,1.110000038,57.1635,0
2026-02-25,14:24:03.581755,15332,-0.108749998,1.076249981,2.808749962,1.076249981,57.1635,0
2026-02-25,14:24:09.055314,16474,-0.123749995,1.06875,2.801249886,1.064999962,57.1635,0
2026-02-25,14:24:09.055314,17561,-0.12,1.072499943,2.8125,1.0425,57.1635,0
2026-02-25,14:24:09.055314,18648,-0.093750006,1.094999981,2.7675,1.121250057,57.16125,0
2026-02-25,14:24:09.055314,19735,-0.146249998,1.076249981,2.771249962,1.080000019,57.16125,0
2026-02-25,14:24:09.055314,20823,-0.1125,1.061250019,2.801249886,1.038750076,57.1635,0
2026-02-25,14:24:14.545088,21959,-0.123749995,1.06875,2.797499847,1.046250057,57.1635,0
2026-02-25,14:24:14.545088,23046,-0.13125,1.072499943,2.816250038,1.05375,57.16575,0
2026-02-25,14:24:14.545088,24135,-0.142499995,1.091250038,2.763749886,1.121250057,57.16125,0
2026-02-25,14:24:14.545088,25222,-0.116250002,1.057499981,2.801249886,1.035000038,57.1635,0
2026-02-25,14:24:14.545088,26309,-0.093750006,1.076249981,2.842499924,1.064999962,57.16575,0
2026-02-25,14:24:20.029659,27444,-0.12,1.057499981,2.816250038,1.038750076,57.16575,0
2026-02-25,14:24:20.029659,28531,-0.123749995,1.076249981,2.816250038,1.076249981,57.16575,0
2026-02-25,14:24:20.029659,29618,-0.138750005,1.0875,2.763749886,1.113750076,57.16125,0
2026-02-25,14:24:20.029659,30707,-0.093750006,1.064999962,2.827500153,1.035000038,57.1635,0
2026-02-25,14:24:20.029659,31794,-0.142499995,1.076249981,2.782500076,1.091250038,57.16575,0
2026-02-25,14:24:25.514908,32929,-0.146249998,1.061250019,2.793750191,1.027500057,57.16575,0
2026-02-25,14:24:25.514908,34016,-0.075,1.083749962,2.775,1.102500057,57.1635,0
2026-02-25,14:24:25.514908,35103,-0.116250002,1.083749962,2.808749962,1.110000038,57.16125,0
2026-02-25,14:24:25.514908,36193,-0.078750002,1.06875,2.83875,1.0425,57.16575,0
2026-02-25,14:24:25.514908,37280,-0.1275,1.0875,2.816250038,1.113750076,57.1635,0
2026-02-25,14:24:30.995850,38415,-0.093750006,1.064999962,2.846249962,1.0425,57.1635,0
2026-02-25,14:24:30.995850,39504,-0.142499995,1.083749962,2.793750191,1.121250057,57.16575,0
2026-02-25,14:24:30.995850,40591,-0.142499995,1.061250019,2.763749886,1.05,57.16575,0
2026-02-25,14:24:30.995850,41678,-0.104999995,1.064999962,2.808749962,1.05375,57.16575,0
2026-02-25,14:24:30.995850,42767,-0.135000002,1.083749962,2.793750191,1.117500019,57.16125,0
2026-02-25,14:24:36.509469,43925,-0.135000002,1.0875,2.78625,1.113750076,57.16575,0
2026-02-25,14:24:36.509469,45013,-0.138750005,1.064999962,2.8125,1.05,57.1635,0
2026-02-25,14:24:36.509469,46101,-0.15,1.064999962,2.820000076,1.0425,57.16575,0
2026-02-25,14:24:36.509469,47188,-0.135000002,1.083749962,2.782500076,1.117500019,57.16575,0
2026-02-25,14:24:36.509469,48276,-0.146249998,1.06875,2.778750038,1.061250019,57.16575,0
2026-02-25,14:24:41.992769,49412,-0.123749995,1.091250038,2.763749886,1.125,57.1635,0
2026-02-25,14:24:41.992769,50499,-0.15375,1.06875,2.816250038,1.05375,57.16575,0
2026-02-25,14:24:41.992769,51587,-0.138750005,1.080000019,2.793750191,1.10625,57.159,0
2026-02-25,14:24:41.992769,52674,-0.164999998,1.10625,2.853750038,1.13625,57.159,0
2026-02-25,14:24:41.992769,53762,-0.1125,1.094999981,2.898749924,1.098750019,57.159,0
2026-02-25,14:24:47.476132,54898,-0.138750005,1.091250038,2.8875,1.102500057,57.159,0
2026-02-25,14:24:47.476132,55985,-0.108749998,1.076249981,2.876250076,1.064999962,57.16125,0
2026-02-25,14:24:47.476132,57072,-0.135000002,1.098750019,2.872500038,1.102500057,57.15675,0
2026-02-25,14:24:47.476132,58161,-0.135000002,1.125,2.846249962,1.158749962,57.15225,0
2026-02-25,14:24:47.476132,59248,-0.108749998,1.121250057,2.85,1.139999962,57.15675,0
2026-02-25,14:24:52.968449,60383,-0.135000002,1.102500057,2.876250076,1.091250038,57.15675,0
2026-02-25,14:24:52.968449,61470,-0.13125,1.091250038,2.95125,1.094999981,57.1545,0
2026-02-25,14:24:52.968449,62557,-0.146249998,1.083749962,2.917500114,1.091250038,57.15675,0
2026-02-25,14:24:52.968449,63645,-0.168750012,1.0875,2.8875,1.0875,57.15675,0
2026-02-25,14:24:52.968449,64732,-0.135000002,1.0875,2.962500191,1.083749962,57.1545,0
2026-02-25,14:24:58.464980,65867,-0.123749995,1.091250038,2.939999962,1.0875,57.1545,0
2026-02-25,14:24:58.464980,66955,-0.146249998,1.076249981,2.928749847,1.05,57.1545,0
2026-02-25,14:24:58.464980,68042,-0.135000002,1.132499981,2.895000076,1.1625,57.15225,0
2026-02-25,14:24:58.464980,69130,-0.161250007,1.091250038,2.913750076,1.076249981,57.15225,0
2026-02-25,14:24:58.464980,70218,-0.123749995,1.091250038,2.947500038,1.094999981,57.15225,0
2026-02-25,14:25:03.936401,71361,-0.146249998,1.0875,2.898749924,1.094999981,57.1545,0
2026-02-25,14:25:03.936401,72448,-0.142499995,1.094999981,2.83875,1.098750019,57.1545,0
2026-02-25,14:25:03.936401,73535,-0.157500005,1.0875,2.947500038,1.0875,57.15225,0
2026-02-25,14:25:03.936401,74623,-0.146249998,1.083749962,2.936249924,1.091250038,57.1545,0
2026-02-25,14:25:03.936401,75709,-0.161250007,1.0875,2.898749924,1.091250038,57.15225,0
2026-02-25,14:25:09.426723,76845,-0.15,1.094999981,2.94375,1.10625,57.1545,0
2026-02-25,14:25:09.426723,77932,-0.1275,1.094999981,2.861250114,1.091250038,57.15675,0
2026-02-25,14:25:09.426723,79021,-0.1275,1.076249981,2.94375,1.06875,57.15675,0
2026-02-25,14:25:09.426723,80108,-0.142499995,1.091250038,2.921250153,1.110000038,57.15675,0
2026-02-25,14:25:09.426723,81195,-0.123749995,1.0875,2.90625,1.0875,57.15675,0
2026-02-25,14:25:14.911497,82330,-0.176250005,1.0875,2.910000038,1.094999981,57.159,0
2026-02-25,14:25:14.911497,83417,-0.15,1.0875,2.891250038,1.0875,57.159,0
2026-02-25,14:25:14.911497,84504,-0.157500005,1.0875,2.924999809,1.091250038,57.159,0
2026-02-25,14:25:14.911497,85593,-0.157500005,1.0875,2.8875,1.0875,57.159,0
2026-02-25,14:25:14.911497,86680,-0.168750012,1.091250038,2.86875,1.083749962,57.159,0
2026-02-25,14:25:20.395211,87815,-0.146249998,1.0875,2.90625,1.0875,57.16125,0
2026-02-25,14:25:20.395211,88902,-0.17249999,1.0875,2.910000038,1.091250038,57.159,0
2026-02-25,14:25:20.395211,89989,-0.15,1.0875,2.895000076,1.091250038,57.159,0
2026-02-25,14:25:20.395211,91076,-0.168750012,1.0875,2.898749924,1.094999981,57.16125,0
2026-02-25,14:25:20.395211,92165,-0.15,1.091250038,2.879999924,1.0875,57.159,0
2026-02-25,14:25:25.880771,93300,-0.161250007,1.0875,2.917500114,1.091250038,57.16125,0
2026-02-25,14:25:25.880771,94389,-0.142499995,1.083749962,2.917500114,1.083749962,57.16125,0
2026-02-25,14:25:25.880771,95476,-0.138750005,1.0875,2.924999809,1.0875,57.1635,0
2026-02-25,14:25:25.880771,96563,-0.146249998,1.0875,2.917500114,1.094999981,57.16125,0
2026-02-25,14:25:25.880771,97652,-0.13125,1.0875,2.917500114,1.091250038,57.1635,0
2026-02-25,14:25:31.372182,98787,-0.17249999,1.083749962,2.902499962,1.0875,57.16125,0
2026-02-25,14:25:31.372182,99874,-0.1275,1.094999981,2.924999809,1.0875,57.16125,0
2026-02-25,14:25:31.372182,100963,-0.15,1.0875,2.939999962,1.091250038,57.16125,0
2026-02-25,14:25:31.372182,102050,-0.187500012,1.0875,2.898749924,1.091250038,57.16125,0
2026-02-25,14:25:31.372182,103137,-0.123749995,1.083749962,2.913750076,1.0875,57.16125,0
2026-02-25,14:25:36.864912,104274,-0.15375,1.0875,2.928749847,1.091250038,57.1635,0
2026-02-25,14:25:36.864912,105361,-0.13125,1.0875,2.936249924,1.0875,57.1635,0
2026-02-25,14:25:36.864912,106448,-0.183749998,1.0875,2.94375,1.094999981,57.1635,0
2026-02-25,14:25:36.864912,107535,-0.161250007,1.091250038,2.898749924,1.091250038,57.1635,0
2026-02-25,14:25:36.864912,108622,-0.13125,1.0875,2.917500114,1.091250038,57.16125,0
2026-02-25,14:25:42.345355,109762,-0.108749998,1.0875,2.928749847,1.091250038,57.16125,0
2026-02-25,14:25:42.345355,110849,-0.135000002,1.0875,2.928749847,1.094999981,57.16125,0
2026-02-25,14:25:42.345355,111936,-0.164999998,1.0875,2.879999924,1.091250038,57.16125,0
2026-02-25,14:25:42.345355,113024,-0.1275,1.0875,2.913750076,1.091250038,57.16125,0
2026-02-25,14:25:42.345355,114112,-0.15375,1.091250038,2.921250153,1.091250038,57.1635,0
2026-02-25,14:25:47.829957,115247,-0.161250007,1.083749962,2.939999962,1.094999981,57.1635,0
2026-02-25,14:25:47.829957,116335,-0.157500005,1.091250038,2.90625,1.091250038,57.1635,0
2026-02-25,14:25:47.829957,117422,-0.195000005,1.083749962,2.898749924,1.0875,57.1635,0
2026-02-25,14:25:47.829957,118509,-0.142499995,1.091250038,2.921250153,1.094999981,57.16575,0
2026-02-25,14:25:47.829957,119598,-0.176250005,1.0875,2.898749924,1.094999981,57.16575,0
2026-02-25,14:25:53.308604,120733,-0.164999998,1.0875,2.95125,1.072499943,57.1635,0
2026-02-25,14:25:53.308604,121821,-0.176250005,1.091250038,2.913750076,1.094999981,57.16125,0
2026-02-25,14:25:53.308604,122908,-0.123749995,1.083749962,2.891250038,1.083749962,57.16125,0
2026-02-25,14:25:53.308604,123995,-0.093750006,1.0875,2.95125,1.0875,57.1635,0
2026-02-25,14:25:53.308604,125084,-0.146249998,1.094999981,2.895000076,1.094999981,57.1635,0
2026-02-25,14:25:58.791322,126219,-0.135000002,1.0875,2.924999809,1.0875,57.1635,0
2026-02-25,14:25:58.791322,127306,-0.164999998,1.083749962,2.88375,1.094999981,57.1635,0
2026-02-25,14:25:58.791322,128394,-0.146249998,1.0875,2.928749847,1.091250038,57.16125,0
2026-02-25,14:25:58.791322,129482,-0.13125,1.0875,2.913750076,1.094999981,57.1635,0
2026-02-25,14:25:58.791322,130569,-0.164999998,1.0875,2.86875,1.091250038,57.16125,0
2026-02-25,14:26:04.280559,131705,-0.15,1.083749962,2.917500114,1.094999981,57.16125,0
2026-02-25,14:26:04.280559,132792,-0.15375,1.0875,2.910000038,1.091250038,57.1635,0
2026-02-25,14:26:04.280559,133879,-0.15375,1.0875,2.947500038,1.0875,57.16125,0
2026-02-25,14:26:04.280559,134968,-0.142499995,1.091250038,2.958750153,1.110000038,57.159,0
2026-02-25,14:26:04.280559,136055,-0.15375,1.0875,2.876250076,1.091250038,57.16125,0
2026-02-25,14:26:09.762932,137190,-0.146249998,1.083749962,2.902499962,1.0875,57.16125,0
2026-02-25,14:26:09.762932,138277,-0.15,1.0875,2.928749847,1.091250038,57.159,0
2026-02-25,14:26:09.762932,139364,-0.101250005,1.080000019,2.9325,1.076249981,57.16125,0
2026-02-25,14:26:09.762932,140453,-0.176250005,1.083749962,2.879999924,1.080000019,57.159,0
2026-02-25,14:26:09.762932,141540,-0.168750012,1.080000019,2.88375,1.080000019,57.159,0
2026-02-25,14:26:15.264648,142678,-0.123749995,1.091250038,2.891250038,1.083749962,57.159,0
2026-02-25,14:26:15.264648,143766,-0.138750005,1.080000019,2.924999809,1.083749962,57.15675,0
2026-02-25,14:26:15.264648,144853,-0.157500005,1.072499943,2.94375,1.076249981,57.159,0
2026-02-25,14:26:15.264648,145941,-0.161250007,1.072499943,2.921250153,1.076249981,57.159,0
2026-02-25,14:26:15.264648,147029,-0.176250005,1.06875,2.95125,1.072499943,57.159,0
2026-02-25,14:26:20.740905,148164,-0.176250005,1.072499943,2.902499962,1.072499943,57.159,0
2026-02-25,14:26:20.740905,149253,-0.123749995,1.0875,2.939999962,1.080000019,57.16125,0
2026-02-25,14:26:20.740905,150340,-0.157500005,1.080000019,2.94375,1.083749962,57.159,0
2026-02-25,14:26:20.740905,151427,-0.183749998,1.072499943,2.936249924,1.076249981,57.159,0
2026-02-25,14:26:20.740905,152514,-0.15375,1.080000019,2.924999809,46.00874939,57.16125,0
2026-02-25,14:26:26.232613,153653,-0.168750012,1.076249981,2.95125,2.662500191,57.159,0
2026-02-25,14:26:26.232613,154740,-0.168750012,1.091250038,2.95125,19.68,57.159,0
2026-02-25,14:26:26.232613,155829,-0.123749995,1.0875,2.924999809,18.10875092,57.16125,0
2026-02-25,14:26:26.232613,156918,-0.164999998,1.091250038,2.9325,16.7625,57.16125,0
2026-02-25,14:26:26.232613,158006,-0.20999999,1.0875,2.876250076,21.39375,57.16125,0
2026-02-25,14:26:31.759755,159143,-0.168750012,1.091250038,2.921250153,20.2425,57.16125,0
2026-02-25,14:26:31.759755,160231,-0.142499995,1.094999981,2.872500038,16.83000031,57.16125,0
2026-02-25,14:26:31.759755,161320,-0.146249998,1.0875,2.928749847,15.7125,57.1635,0
2026-02-25,14:26:31.759755,162409,-0.195000005,1.094999981,2.921250153,20.23499908,57.1635,0
2026-02-25,14:26:31.759755,163497,-0.168750012,1.080000019,2.966249847,6.28125,57.16125,0
2026-02-25,14:26:37.235175,164662,-0.15375,1.072499943,2.924999809,1.072499943,57.1635,0
2026-02-25,14:26:37.235175,165750,-0.138750005,1.072499943,2.913750076,1.076249981,57.1635,0
2026-02-25,14:26:37.235175,166837,-0.138750005,1.0875,2.947500038,1.083749962,57.1635,0
2026-02-25,14:26:37.235175,167926,-0.138750005,1.080000019,2.969999886,1.076249981,57.16125,0
2026-02-25,14:26:37.235175,169013,-0.187500012,1.06875,2.917500114,1.076249981,57.1635,0
2026-02-25,14:26:42.741959,170148,-0.161250007,1.072499943,2.921250153,1.076249981,57.1635,0
2026-02-25,14:26:42.741959,171235,-0.161250007,1.076249981,2.913750076,1.080000019,57.1635,0
2026-02-25,14:26:42.741959,172322,-0.135000002,1.091250038,2.936249924,24.61499939,57.16125,0
2026-02-25,14:26:42.741959,173412,-0.17249999,1.083749962,2.947500038,1.083749962,57.16125,0
2026-02-25,14:26:42.741959,174500,-0.157500005,1.080000019,2.924999809,1.076249981,57.16125,0
2026-02-25,14:26:48.234121,175642,-0.123749995,1.076249981,2.936249924,1.057499981,57.16125,0
2026-02-25,14:26:48.234121,176731,-0.138750005,1.0875,2.891250038,1.102500057,57.1635,0
2026-02-25,14:26:48.234121,177818,-0.161250007,1.094999981,2.898749924,1.117500019,57.16125,0
2026-02-25,14:26:48.234121,178905,-0.15,1.083749962,2.962500191,1.080000019,57.1635,0
2026-02-25,14:26:48.234121,179994,-0.161250007,1.094999981,2.928749847,1.117500019,57.16125,0
2026-02-25,14:26:53.705762,181135,-0.183749998,1.094999981,2.917500114,10.35,57.1635,0
2026-02-25,14:26:53.705762,182225,-0.15375,-0.097500002,2.936249924,1.46625,57.16125,0
2026-02-25,14:26:53.705762,183313,-0.157500005,0.45374999,2.939999962,2.41125,57.159,0
2026-02-25,14:26:53.705762,184400,-0.161250007,1.091250038,2.928749847,1.098750019,57.159,0
2026-02-25,14:26:53.705762,185487,-0.164999998,0.986250019,2.95125,1.00875,57.16125,0
2026-02-25,14:26:59.197831,186624,-0.135000002,1.177500057,2.966249847,1.188750076,57.16125,0
2026-02-25,14:26:59.197831,187711,-0.164999998,0.91875,2.95125,0.95625,57.16125,0
2026-02-25,14:26:59.197831,188800,-0.138750005,1.083749962,2.924999809,1.091250038,57.159,0
2026-02-25,14:26:59.197831,189887,-0.142499995,1.072499943,2.895000076,1.076249981,56.95875,0
2026-02-25,14:26:59.197831,190974,-0.123749995,1.072499943,2.955000114,1.0875,57.132,0
2026-02-25,14:27:04.681214,192109,-0.17249999,1.076249981,2.928749847,1.080000019,57.1545,0
2026-02-25,14:27:04.681214,193196,-0.1275,1.072499943,2.9325,1.080000019,57.15675,0
2026-02-25,14:27:04.681214,194283,-0.138750005,1.076249981,2.958750153,1.0875,57.159,0
2026-02-25,14:27:04.681214,195372,-0.176250005,1.02,2.913750076,0.794999981,57.159,0
2026-02-25,14:27:04.681214,196459,-0.1275,1.083749962,2.958750153,2.707500076,57.16125,0
2026-02-25,14:27:10.163960,197594,-0.12,1.080000019,2.936249924,3.341250229,57.1635,0
2026-02-25,14:27:10.163960,198681,-0.164999998,1.064999962,2.9775,0.742499971,57.16125,0
2026-02-25,14:27:10.163960,199768,-0.15375,1.083749962,2.9325,1.350000095,57.1635,0
2026-02-25,14:27:10.163960,200856,-0.1275,1.072499943,2.924999809,0.75374999,57.16575,0
2026-02-25,14:27:10.163960,201944,-0.108749998,1.06875,2.947500038,0.84375,57.16575,0
2026-02-25,14:27:15.648318,203079,-0.135000002,1.06875,2.879999924,0.656249952,57.16575,0
2026-02-25,14:27:15.648318,204168,-0.164999998,1.083749962,2.917500114,1.185000038,57.16575,0
2026-02-25,14:27:15.648318,205255,-0.157500005,1.076249981,2.910000038,1.083749962,57.1635,0
2026-02-25,14:27:15.648318,206342,-0.1275,1.076249981,2.955000114,1.091250038,57.16575,0
2026-02-25,14:27:15.648318,207431,-0.146249998,1.098750019,2.947500038,1.10625,57.168,0
2026-02-25,14:27:21.137116,208566,-0.12,1.098750019,2.973749924,1.102500057,57.16575,0
2026-02-25,14:27:21.137116,209653,-0.183749998,1.076249981,2.962500191,1.083749962,57.16575,0
2026-02-25,14:27:21.137116,210741,-0.157500005,1.072499943,2.921250153,1.083749962,57.168,0
2026-02-25,14:27:21.137116,211828,-0.104999995,1.076249981,2.928749847,1.080000019,57.16575,0
2026-02-25,14:27:21.137116,212916,-0.164999998,1.080000019,2.947500038,1.0875,57.16575,0
2026-02-25,14:27:26.635420,214052,-0.1275,1.076249981,2.939999962,1.0875,57.168,0
2026-02-25,14:27:26.635420,215139,-0.164999998,1.076249981,2.939999962,1.102500057,57.168,0
2026-02-25,14:27:26.635420,216226,-0.135000002,1.072499943,2.921250153,1.072499943,57.168,0
2026-02-25,14:27:26.635420,217313,-0.138750005,1.083749962,2.947500038,1.0875,57.16575,0
2026-02-25,14:27:26.635420,218401,-0.164999998,1.083749962,2.95125,1.091250038,57.168,0
2026-02-25,14:27:32.117636,219543,-0.157500005,1.080000019,2.90625,1.094999981,57.168,0
2026-02-25,14:27:32.117636,220630,-0.15,1.083749962,2.902499962,1.091250038,57.168,0
2026-02-25,14:27:32.117636,221717,-0.176250005,1.076249981,2.928749847,1.091250038,57.168,0
2026-02-25,14:27:32.117636,222806,-0.138750005,1.083749962,2.924999809,1.091250038,57.168,0
2026-02-25,14:27:32.117636,223893,-0.1275,1.080000019,2.947500038,1.080000019,57.168,0
2026-02-25,14:27:37.600284,225027,-0.176250005,1.0875,2.936249924,1.098750019,57.168,0
2026-02-25,14:27:37.600284,226114,-0.15375,1.080000019,2.95125,1.0875,57.16575,0
2026-02-25,14:27:37.600284,227201,-0.157500005,1.083749962,2.9325,1.094999981,57.168,0
2026-02-25,14:27:37.600284,228289,-0.164999998,1.0875,2.928749847,1.091250038,57.16575,0
2026-02-25,14:27:37.600284,229377,-0.104999995,1.0875,2.958750153,1.094999981,57.16575,0
2026-02-25,14:27:43.087588,230512,-0.187500012,1.0875,2.947500038,1.094999981,57.16575,0
2026-02-25,14:27:43.087588,231601,-0.1275,1.0875,2.936249924,1.094999981,57.16575,0
2026-02-25,14:27:43.087588,232688,-0.15,1.083749962,2.947500038,1.26375,57.168,0
2026-02-25,14:27:43.087588,233775,-0.15375,1.080000019,2.936249924,0.802500057,57.16575,0
2026-02-25,14:27:43.087588,234862,-0.123749995,1.080000019,2.947500038,0.689999962,57.16575,0
2026-02-25,14:27:48.573326,235997,-0.108749998,1.05375,2.955000114,0.50625,57.168,0
2026-02-25,14:27:48.573326,237084,-0.142499995,1.080000019,2.917500114,0.82125,57.1635,0
2026-02-25,14:27:48.573326,238173,-0.146249998,1.083749962,2.921250153,1.886250114,57.1635,0
2026-02-25,14:27:48.573326,239260,-0.161250007,1.080000019,2.969999886,0.7125,57.16575,0
2026-02-25,14:27:48.573326,240347,-0.13125,1.083749962,2.917500114,0.873750019,57.168,0
2026-02-25,14:27:54.052468,241489,-0.135000002,1.080000019,2.966249847,0.91875,57.16575,0
2026-02-25,14:27:54.052468,242576,-0.15375,1.083749962,2.8875,1.886250114,57.16575,0
2026-02-25,14:27:54.052468,243663,-0.164999998,1.113750076,2.921250153,15.1725,57.16575,0
2026-02-25,14:27:54.052468,244751,-0.123749995,1.102500057,2.958750153,14.67375031,57.16575,0
2026-02-25,14:27:54.052468,245839,-0.157500005,1.080000019,2.936249924,1.8975,57.168,0
2026-02-25,14:27:59.549163,246974,-0.138750005,1.0875,2.928749847,7.815000153,57.16575,0
2026-02-25,14:27:59.549163,248062,-0.138750005,1.080000019,2.921250153,1.552499962,57.16575,0
2026-02-25,14:27:59.549163,249149,-0.142499995,1.094999981,2.928749847,6.783750153,57.1635,0
2026-02-25,14:27:59.549163,250239,-0.164999998,1.083749962,2.872500038,1.248750019,57.168,0
2026-02-25,14:27:59.549163,251326,-0.161250007,1.080000019,2.902499962,0.930000019,57.168,0
2026-02-25,14:28:05.054783,252461,-0.15,1.0875,2.910000038,1.094999981,57.168,0
2026-02-25,14:28:05.054783,253550,-0.15375,1.076249981,2.924999809,0.705000019,57.16575,0
2026-02-25,14:28:05.054783,254637,-0.142499995,1.080000019,2.947500038,1.0875,57.16575,0
2026-02-25,14:28:05.054783,255724,-0.179999995,1.0875,2.917500114,1.094999981,57.16575,0
2026-02-25,14:28:05.054783,256813,-0.146249998,1.0875,2.939999962,1.091250038,57.16575,0
2026-02-25,14:28:10.528772,257962,-0.146249998,1.080000019,2.928749847,1.248750019,57.16575,0
2026-02-25,14:28:10.528772,259050,-0.179999995,1.080000019,2.94375,0.817500019,57.16575,0
2026-02-25,14:28:10.528772,260138,-0.13125,1.083749962,2.947500038,0.80625,57.16575,0
2026-02-25,14:28:10.528772,261225,-0.142499995,1.083749962,2.898749924,1.0875,57.16575,0
2026-02-25,14:28:10.528772,262313,-0.142499995,1.080000019,2.902499962,1.083749962,57.16575,0
2026-02-25,14:28:16.033713,263448,-0.161250007,1.080000019,2.898749924,1.0875,57.16575,0
2026-02-25,14:28:16.033713,264535,-0.1275,1.076249981,2.955000114,1.064999962,57.16575,0
2026-02-25,14:28:16.033713,265624,-0.19124999,1.072499943,2.9325,1.080000019,57.16575,0
2026-02-25,14:28:16.033713,266711,-0.176250005,1.076249981,2.924999809,1.083749962,57.16575,0
2026-02-25,14:28:16.033713,267798,-0.15,1.080000019,2.955000114,1.083749962,57.16575,0
2026-02-25,14:28:21.554684,268945,-0.13125,1.083749962,2.95125,1.091250038,57.16575,0
2026-02-25,14:28:21.554684,270032,-0.19124999,1.083749962,2.9325,1.091250038,57.16575,0
2026-02-25,14:28:21.554684,271121,-0.135000002,1.080000019,2.962500191,1.083749962,57.16575,0
2026-02-25,14:28:21.554684,272208,-0.17249999,1.080000019,2.939999962,1.083749962,57.1635,0
2026-02-25,14:28:21.554684,273295,-0.195000005,1.080000019,2.88375,1.0875,57.168,0
2026-02-25,14:28:27.026475,274461,-0.13125,1.080000019,2.947500038,1.080000019,57.16575,0
2026-02-25,14:28:27.026475,275548,-0.15375,1.0875,2.947500038,1.083749962,57.16575,0
2026-02-25,14:28:27.026475,276635,-0.15375,1.091250038,2.910000038,1.10625,57.16575,0
2026-02-25,14:28:27.026475,277723,-0.138750005,1.080000019,2.9325,1.0875,57.16575,0
2026-02-25,14:28:27.026475,278810,-0.15,1.076249981,2.9775,1.083749962,57.16575,0
2026-02-25,14:28:32.517258,279945,-0.1275,1.038750076,2.966249847,0.24,57.16575,0
2026-02-25,14:28:32.517258,281031,-0.13125,1.083749962,2.95125,1.66875,57.16575,0
2026-02-25,14:28:32.517258,282118,-0.168750012,1.072499943,2.924999809,1.391250038,57.16575,0
2026-02-25,14:28:32.517258,283206,-0.15375,1.083749962,2.973749924,1.080000019,57.16575,0
2026-02-25,14:28:32.517258,284294,-0.176250005,1.083749962,2.924999809,1.882500076,57.168,0
2026-02-25,14:28:38.005701,285429,-0.116250002,1.072499943,2.94375,0.750000048,57.16575,0
2026-02-25,14:28:38.005701,286517,-0.15,1.076249981,2.936249924,1.713750076,57.16575,0
2026-02-25,14:28:38.005701,287604,-0.15,1.083749962,2.985000038,3.397499847,57.1635,0
2026-02-25,14:28:38.005701,288691,-0.157500005,1.057499981,2.939999962,1.672500038,57.16575,0
2026-02-25,14:28:38.005701,289780,-0.195000005,0.30374999,2.924999809,4.245000076,57.16575,0
2026-02-25,14:28:43.498995,290921,-0.164999998,1.038750076,2.94375,0.91875,57.1635,0
2026-02-25,14:28:43.498995,292010,-0.15375,1.05,2.988750076,0.75374999,57.16575,0
2026-02-25,14:28:43.498995,293097,-0.20999999,1.06875,2.902499962,1.89375,57.16575,0
2026-02-25,14:28:43.498995,294184,-0.168750012,1.035000038,2.921250153,0.588750029,57.16575,0
2026-02-25,14:28:43.498995,295272,-0.13125,1.072499943,2.9775,0.74625001,57.16575,0
2026-02-25,14:28:48.983506,296408,-0.157500005,1.03125,2.928749847,0.270000005,57.1635,0
2026-02-25,14:28:48.983506,297494,-0.138750005,1.057499981,2.98125,0.72750001,57.16575,0
2026-02-25,14:28:48.983506,298582,-0.142499995,1.102500057,2.924999809,1.927500153,57.16575,0
2026-02-25,14:28:48.983506,299670,-0.138750005,1.098750019,2.962500191,0.757500029,57.16575,0
2026-02-25,14:28:48.983506,300757,-0.142499995,1.10625,2.966249847,0.97125,57.168,0
2026-02-25,14:28:54.462726,301893,-0.123749995,1.110000038,2.992500114,0.74625001,57.168,0
2026-02-25,14:28:54.462726,302980,-0.17249999,1.10625,2.924999809,1.24125,57.16575,0
2026-02-25,14:28:54.462726,304067,-0.15375,1.110000038,2.928749847,1.203750038,57.16575,0
2026-02-25,14:28:54.462726,305156,-0.1275,1.102500057,2.962500191,0.76875,57.168,0
2026-02-25,14:28:54.462726,306243,-0.168750012,1.110000038,2.936249924,1.290000057,57.168,0
2026-02-25,14:28:59.954877,307378,-0.101250005,1.10625,2.947500038,0.750000048,57.168,0
2026-02-25,14:28:59.954877,308465,-0.15375,1.10625,2.966249847,1.260000038,57.1635,0
2026-02-25,14:28:59.954877,309552,-0.142499995,1.094999981,2.94375,0.896249962,57.16575,0
2026-02-25,14:28:59.954877,310641,-0.138750005,1.094999981,2.962500191,0.836250019,57.168,0
2026-02-25,14:28:59.954877,311728,-0.15,1.110000038,2.962500191,1.248750019,57.16575,0
2026-02-25,14:29:05.431469,312863,-0.135000002,1.102500057,2.94375,1.169999981,57.168,0
2026-02-25,14:29:05.431469,313952,-0.20999999,1.091250038,2.921250153,1.155000019,57.16575,0
2026-02-25,14:29:05.431469,315039,-0.161250007,1.094999981,2.958750153,1.1625,57.168,0
2026-02-25,14:29:05.431469,316126,-0.168750012,1.10625,2.973749924,1.155000019,57.17025,0
2026-02-25,14:29:05.431469,317214,-0.176250005,1.113750076,2.928749847,1.173750019,57.168,0
2026-02-25,14:29:10.912923,318349,-0.13125,1.05375,2.928749847,1.076249981,57.168,0
2026-02-25,14:29:10.912923,319437,-0.176250005,1.046250057,2.955000114,1.038750076,57.16575,0
2026-02-25,14:29:10.912923,320525,-0.116250002,0.989999962,2.988750076,0.915,57.168,0
2026-02-25,14:29:10.912923,321612,-0.168750012,1.057499981,2.947500038,1.083749962,57.168,0
2026-02-25,14:29:10.912923,322699,-0.183749998,1.046250057,2.9325,1.038750076,57.168,0
2026-02-25,14:29:16.437657,323836,-0.187500012,1.05375,2.947500038,1.05,57.168,0
2026-02-25,14:29:16.437657,324923,-0.183749998,1.038750076,2.917500114,1.03125,57.16575,0
2026-02-25,14:29:16.437657,326012,-0.157500005,1.05375,2.95125,1.072499943,57.16575,0
2026-02-25,14:29:16.437657,327099,-0.15375,1.057499981,2.924999809,1.061250019,57.16575,0
2026-02-25,14:29:16.437657,328186,-0.161250007,1.05375,2.936249924,1.05,57.168,0
2026-02-25,14:29:21.908752,329347,-0.157500005,1.05,2.958750153,1.05,57.16575,0
2026-02-25,14:29:21.908752,330434,-0.146249998,1.05375,2.958750153,1.064999962,57.16575,0
2026-02-25,14:29:21.908752,331523,-0.195000005,1.061250019,2.921250153,1.064999962,57.16575,0
2026-02-25,14:29:21.908752,332610,-0.164999998,1.046250057,2.936249924,1.05375,57.16575,0
2026-02-25,14:29:21.908752,333697,-0.161250007,1.05375,2.947500038,1.06875,57.168,0
2026-02-25,14:29:27.397117,334832,-0.108749998,1.02,2.962500191,0.851249981,57.16575,0
2026-02-25,14:29:27.397117,335920,-0.161250007,1.064999962,2.928749847,1.13625,57.16575,0
2026-02-25,14:29:27.397117,337007,-0.19124999,1.083749962,2.95125,1.18125,57.16575,0
2026-02-25,14:29:27.397117,338095,-0.15375,1.05,2.9775,1.05375,57.1635,0
2026-02-25,14:29:27.397117,339182,-0.195000005,1.027500057,2.958750153,1.03125,57.1635,0
2026-02-25,14:31:29.589205,0,-0.041249999,1.046250057,3.093749809,1.061250019,57.11175,0
2026-02-25,14:31:29.589205,1090,-0.041249999,1.046250057,3.093749809,1.064999962,57.11625,0
2026-02-25,14:31:29.589205,2177,-0.03,1.0425,3.0975,1.05,57.123,0
2026-02-25,14:31:29.589205,3264,-0.06375,1.046250057,3.067499924,1.064999962,57.1275,0
2026-02-25,14:31:29.589205,4351,-0.052499998,1.06875,3.059999847,1.072499943,57.1275,0
2026-02-25,14:31:35.075333,5487,-0.067500001,1.064999962,3.07125,1.064999962,57.12975,0
2026-02-25,14:31:35.075333,6574,-0.026249999,1.05,3.059999847,1.064999962,57.132,0
2026-02-25,14:31:35.075333,7660,-0.067500001,1.064999962,3.063749886,1.05,57.13425,0
2026-02-25,14:31:35.075333,8748,-0.071249998,1.05375,3.075,1.072499943,57.1365,0
2026-02-25,14:31:35.075333,9835,-0.082499999,1.057499981,3.078750038,1.06875,57.141,0
2026-02-25,14:31:40.552058,10973,-0.078750002,1.05375,3.075,1.072499943,57.141,0
2026-02-25,14:31:40.552058,12060,-0.052499998,1.05375,3.052499962,1.05375,57.141,0
2026-02-25,14:31:40.552058,13147,-0.067500001,1.05,3.059999847,1.05375,57.1455,0
2026-02-25,14:31:40.552058,14236,-0.086249995,1.046250057,3.041250038,1.076249981,57.14325,0
2026-02-25,14:31:40.552058,15323,-0.089999998,1.0425,3.078750038,1.05375,57.1455,0
2026-02-25,14:31:46.042703,16458,-0.06375,1.057499981,3.05625,1.072499943,57.1455,0
2026-02-25,14:31:46.042703,17545,-0.097500002,1.046250057,3.07125,1.05,57.14775,0
2026-02-25,14:31:46.042703,18632,-0.067500001,1.05375,3.045,1.064999962,57.15,0
2026-02-25,14:31:46.042703,19719,-0.097500002,1.046250057,3.05625,1.072499943,57.14775,0
2026-02-25,14:31:46.042703,20808,-0.097500002,1.046250057,3.0225,1.05,57.15,0
2026-02-25,14:31:51.542086,21943,-0.104999995,1.046250057,3.07125,1.061250019,57.15,0
2026-02-25,14:31:51.542086,23032,-0.082499999,1.046250057,3.045,0.978750038,57.15225,0
2026-02-25,14:31:51.542086,24119,-0.06375,1.064999962,3.075,1.139999962,57.15,0
2026-02-25,14:31:51.542086,25206,-0.089999998,1.046250057,3.059999847,1.057499981,57.15,0
2026-02-25,14:31:51.542086,26295,-0.12,1.061250019,3.0375,1.06875,57.15,0
2026-02-25,14:34:04.710188,0,0.00375,1.057499981,3.075,0.96,57.11625,0
2026-02-25,14:34:04.710188,1086,0.015,1.173750019,3.075,1.173750019,65.26801,0
2026-02-25,14:34:04.710188,2171,0.00375,1.155000019,3.093749809,1.192500019,57.1275,0
2026-02-25,14:34:04.710188,3255,-0.03,1.061250019,3.093749809,1.0875,57.132,0
2026-02-25,14:34:04.710188,4342,-0.03,1.00875,3.104999924,0.97125,57.1365,0
2026-02-25,14:34:10.222974,5511,-0.01875,1.158749962,3.078750038,1.196250057,57.13875,0
2026-02-25,14:34:10.222974,6597,-0.0375,1.06875,3.052499962,1.102500057,57.1455,0
2026-02-25,14:34:10.222974,7684,-0.015,1.001249981,3.082500076,0.975,57.14325,0
2026-02-25,14:34:10.222974,8771,-0.026249999,1.139999962,3.120000076,1.14375,57.1455,0
2026-02-25,14:34:10.222974,9859,-0.06,1.094999981,3.067499924,1.121250057,57.14775,0
2026-02-25,14:34:15.728596,11026,-0.03,0.9975,3.078750038,0.967500019,57.15,0
2026-02-25,14:34:15.728596,12113,-0.041249999,1.155000019,3.05625,1.166250038,57.15225,0
2026-02-25,14:34:15.728596,13200,-0.097500002,1.0875,3.045,1.117500019,57.15225,0
2026-02-25,14:34:15.728596,14287,-0.05625,0.99375,3.059999847,0.963750076,57.15225,0
2026-02-25,14:34:15.728596,15376,-0.048750001,1.151249981,3.05625,1.177500057,57.1545,0
2026-02-25,14:34:21.203027,16529,-0.082499999,0.9975,3.075,0.967500019,57.159,0
2026-02-25,14:34:21.203027,17616,-0.089999998,1.13625,3.059999847,1.147499943,57.15675,0
2026-02-25,14:34:21.203027,18703,-0.078750002,1.113750076,3.026250076,1.151249981,57.159,0
2026-02-25,14:34:21.203027,19790,-0.075,0.989999962,3.07125,0.96,57.1635,0
2026-02-25,14:34:21.203027,20877,-0.078750002,1.10625,3.052499962,1.091250038,57.16125,0
2026-02-25,14:34:26.698210,22014,-0.05625,1.001249981,3.052499962,0.967500019,57.16125,0
2026-02-25,14:34:26.698210,23101,-0.075,1.147499943,3.07125,1.166250038,57.1635,0
2026-02-25,14:34:26.698210,24190,-0.071249998,1.03125,3.033750153,1.05375,57.16575,0
2026-02-25,14:34:26.698210,25277,-0.044999999,1.005000019,3.067499924,0.97125,57.16575,0
2026-02-25,14:34:26.698210,26364,-0.067500001,1.147499943,3.05625,1.177500057,57.16125,0
2026-02-25,14:34:32.170786,27500,-0.078750002,1.046250057,3.067499924,1.016250038,57.1635,0
2026-02-25,14:34:32.170786,28587,-0.052499998,1.147499943,3.014999962,1.177500057,57.1635,0
2026-02-25,14:34:32.170786,29674,-0.075,1.016250038,3.05625,1.0125,57.168,0
2026-02-25,14:34:32.170786,30763,-0.05625,1.080000019,3.048750114,1.046250057,57.16575,0
2026-02-25,14:34:32.170786,31850,-0.067500001,1.155000019,3.003750229,1.188750076,57.16575,0
2026-02-25,14:34:37.656975,32985,-0.06375,1.10625,3.120000076,1.083749962,57.16575,0
2026-02-25,14:34:37.656975,34072,-0.075,1.147499943,3.210000229,1.177500057,57.16575,0
2026-02-25,14:34:37.656975,35159,-0.071249998,0.986250019,3.123750114,0.963750076,57.168,0
2026-02-25,14:34:37.656975,36247,-0.06,1.121250057,3.0225,1.102500057,57.168,0
2026-02-25,14:34:37.656975,37335,-0.075,1.121250057,3.011249924,1.169999981,57.168,0
2026-02-25,14:34:43.145718,38470,-0.06375,1.147499943,3.0975,1.151249981,57.17025,0
2026-02-25,14:34:43.145718,39559,-0.093750006,1.05375,3.026250076,1.094999981,57.168,0
2026-02-25,14:34:43.145718,40646,-0.067500001,0.99375,2.985000038,0.95625,57.17025,0
2026-02-25,14:34:43.145718,41733,-0.067500001,1.151249981,3.063749886,1.173750019,57.168,0
2026-02-25,14:34:43.145718,42822,-0.086249995,1.023750019,2.947500038,1.05,57.17025,0
2026-02-25,14:34:48.624042,43957,-0.082499999,1.147499943,2.969999886,1.196250057,57.17025,0
2026-02-25,14:34:48.624042,45044,-0.082499999,1.00875,2.988750076,1.001249981,57.1725,0
2026-02-25,14:34:48.624042,46132,-0.06375,1.064999962,3.09,1.038750076,57.17025,0
2026-02-25,14:34:48.624042,47220,-0.082499999,1.147499943,3.01875,1.185000038,57.17025,0
2026-02-25,14:34:48.624042,48307,-0.089999998,0.986250019,3.052499962,0.978750038,57.1725,0
2026-02-25,14:34:54.113938,49443,-0.093750006,1.10625,3.000000191,1.139999962,57.17025,0
2026-02-25,14:34:54.113938,50530,-0.026249999,0.989999962,3.026250076,0.95625,57.17025,0
2026-02-25,14:34:54.113938,51616,-0.0375,1.113750076,3.033750153,1.098750019,57.17025,0
2026-02-25,14:34:54.113938,52703,-0.089999998,1.132499981,2.988750076,1.18125,57.17025,0
2026-02-25,14:34:54.113938,53791,-0.089999998,0.982499981,3.052499962,0.952500057,57.1725,0
2026-02-25,14:34:59.604626,54926,-0.089999998,1.10625,3.014999962,1.147499943,57.17025,0
2026-02-25,14:34:59.604626,56013,-0.071249998,0.986250019,3.045,0.96,57.1725,0
2026-02-25,14:34:59.604626,57100,-0.041249999,1.13625,3.078750038,1.139999962,57.17025,0
2026-02-25,14:34:59.604626,58188,-0.071249998,1.064999962,2.879999924,1.091250038,57.1725,0
2026-02-25,14:34:59.604626,59275,-0.078750002,0.989999962,3.07125,0.96,57.1725,0
2026-02-25,14:35:05.100789,60410,-0.097500002,1.023750019,3.01875,1.038750076,57.17025,0
2026-02-25,14:35:05.100789,61499,-0.052499998,1.057499981,3.086250114,1.027500057,57.17025,0
2026-02-25,14:35:05.100789,62586,-0.116250002,1.155000019,3.05625,1.188750076,57.17025,0
2026-02-25,14:35:05.100789,63673,-0.101250005,0.986250019,3.045,0.975,57.1725,0
2026-02-25,14:35:05.100789,64762,-0.03,1.117500019,3.048750114,1.113750076,57.168,0
2026-02-25,14:35:10.579180,65909,-0.116250002,1.147499943,3.052499962,1.18125,57.168,0
2026-02-25,14:35:10.579180,66998,-0.067500001,0.986250019,3.07125,0.96,57.1725,0
2026-02-25,14:35:10.579180,68085,-0.082499999,1.155000019,3.05625,1.1625,57.17025,0
2026-02-25,14:35:10.579180,69172,-0.1125,1.091250038,3.033750153,1.125,57.17025,0
2026-02-25,14:35:10.579180,70261,-0.048750001,1.001249981,3.067499924,0.967500019,57.17475,0
2026-02-25,14:35:16.068000,71397,-0.086249995,0.986250019,3.045,0.97125,57.17025,0
2026-02-25,14:35:16.068000,72484,-0.093750006,1.076249981,3.026250076,1.046250057,57.1725,0
2026-02-25,14:35:16.068000,73572,-0.093750006,1.125,2.872500038,1.169999981,57.17025,0
2026-02-25,14:35:16.068000,74660,-0.075,0.986250019,2.879999924,0.952500057,57.17475,0
2026-02-25,14:35:16.068000,75747,-0.078750002,1.128750038,2.921250153,1.128750038,57.1725,0
2026-02-25,14:35:21.569902,76883,-0.075,1.00875,2.910000038,0.963750076,57.17025,0
2026-02-25,14:35:21.569902,77970,-0.1125,1.158749962,2.78625,1.192500019,57.168,0
2026-02-25,14:35:21.569902,79058,-0.093750006,1.035000038,2.78625,1.061250019,57.17025,0
2026-02-25,14:35:21.569902,80145,-0.05625,0.99375,2.83875,0.963750076,57.1725,0
2026-02-25,14:35:21.569902,81232,-0.104999995,1.158749962,2.8125,1.18125,57.168,0
2026-02-25,14:35:27.053992,82376,-0.104999995,1.14375,2.7675,1.185000038,57.17025,0
2026-02-25,14:35:27.053992,83463,-0.082499999,0.982499981,2.793750191,0.95625,57.1725,0
2026-02-25,14:35:27.053992,84550,-0.082499999,1.098750019,2.835000229,1.076249981,57.17025,0
2026-02-25,14:35:27.053992,85639,-0.067500001,1.06875,-0.273749995,1.110000038,57.1725,0
2026-02-25,14:35:27.053992,86727,-0.086249995,0.836250019,2.373750114,0.802500057,57.1725,0
2026-02-25,14:35:32.557103,87864,-0.104999995,0.84375,1.92,0.858749962,57.17475,0
2026-02-25,14:35:32.557103,88951,-0.078750002,0.91875,2.11875,0.858749962,57.17475,0
2026-02-25,14:35:32.557103,90038,-0.104999995,1.139999962,-0.892500019,1.173750019,57.1725,0
2026-02-25,14:35:32.557103,91127,-0.101250005,0.716250038,3.0975,0.67874999,57.1725,0
2026-02-25,14:35:32.557103,92216,-0.101250005,1.13625,-0.76875,1.155000019,57.17025,0
2026-02-25,14:35:38.064030,93360,-0.135000002,1.121250057,-1.064999962,1.1625,57.1725,0
2026-02-25,14:35:38.064030,94451,-0.086249995,0.930000019,1.529999924,0.885000038,57.17475,0
2026-02-25,14:35:38.064030,95538,-0.097500002,1.14375,-0.39375,1.177500057,57.1725,0
2026-02-25,14:35:38.064030,96628,-0.089999998,0.836250019,1.976249886,0.839999962,57.177,0
2026-02-25,14:35:38.064030,97716,-0.097500002,1.0875,0.25875001,1.072499943,57.1725,0
2026-02-25,14:35:43.542813,98871,-0.093750006,0.701249981,3.16125,0.65999999,57.17475,0
2026-02-25,14:35:43.542813,99959,-0.108749998,1.139999962,-0.885000038,1.158749962,57.1725,0
2026-02-25,14:35:43.542813,101048,-0.082499999,0.8325,1.248750019,0.911250019,57.17475,0
2026-02-25,14:35:43.542813,102136,-0.082499999,0.791250038,2.711249924,0.738750029,57.177,0
2026-02-25,14:35:43.542813,103223,-0.06375,1.155000019,-1.410000038,1.185000038,57.1725,0
2026-02-25,14:35:49.031027,104360,-0.089999998,1.091250038,0.142499995,1.072499943,57.1725,0
2026-02-25,14:35:49.031027,105446,-0.123749995,1.13625,-1.376249981,1.173750019,57.1725,0
2026-02-25,14:35:49.031027,106537,-0.089999998,0.780000019,2.66625,0.794999981,57.1725,0
2026-02-25,14:35:49.031027,107624,-0.13125,1.132499981,-1.185000038,1.155000019,57.1725,0
2026-02-25,14:35:49.031027,108713,-0.097500002,0.885000038,1.402499962,0.9,57.1725,0
2026-02-25,14:35:54.546546,109850,-0.146249998,1.098750019,-0.9375,1.155000019,57.17025,0
2026-02-25,14:35:54.546546,110939,-0.05625,0.17249999,5.253750229,0.089999998,57.1725,0
2026-02-25,14:35:54.546546,112025,-0.101250005,1.132499981,-0.858749962,1.147499943,57.1725,0
2026-02-25,14:35:54.546546,113115,-0.075,0.82125,1.151249981,0.90375,57.17025,0
2026-02-25,14:35:54.546546,114202,-0.104999995,0.667499971,3.765000153,0.611249971,57.1725,0
2026-02-25,14:36:00.030537,115352,-0.116250002,1.121250057,-2.2125,1.1625,57.1725,0
2026-02-25,14:36:00.030537,116441,-0.093750006,0.716250038,3.31875,0.697500038,57.1725,0
2026-02-25,14:36:00.030537,117528,-0.089999998,1.064999962,-0.363750005,1.061250019,57.1725,0
2026-02-25,14:36:00.030537,118618,-0.093750006,0.80625,1.061250019,0.907499981,57.1725,0
2026-02-25,14:36:00.030537,119705,-0.108749998,0.7725,2.973749924,0.738750029,57.1725,0
2026-02-25,14:36:05.521990,120840,-0.075,0.7875,2.11125,0.836250019,57.1725,0
2026-02-25,14:36:05.521990,121927,-0.093750006,0.8625,2.41125,0.798750019,57.17475,0
2026-02-25,14:36:05.521990,123014,-0.104999995,1.102500057,-1.627500153,1.121250057,57.1725,0
2026-02-25,14:36:05.521990,124103,-0.097500002,-2.126249886,7.826250458,-1.89375,57.1725,0
2026-02-25,14:36:05.521990,125197,-0.15,1.14375,-2.729999924,1.226249981,57.1725,0
2026-02-25,14:36:11.037234,126334,-0.138750005,1.185000038,-3.07125,1.21875,57.1725,0
2026-02-25,14:36:11.037234,127425,-0.123749995,-2.00625,7.477500153,-1.702499962,57.1725,0
2026-02-25,14:36:11.037234,128517,-0.123749995,1.185000038,-4.166249847,1.24125,57.17475,0
2026-02-25,14:36:11.037234,129607,-0.089999998,0.592500019,3.386250305,0.551250029,57.17475,0
2026-02-25,14:36:11.037234,130696,-0.089999998,1.185000038,-0.78375,1.2,57.17025,0
2026-02-25,14:36:16.518736,131847,-0.123749995,0.73499999,2.302499962,0.731249952,57.1725,0
2026-02-25,14:36:16.518736,132936,-0.101250005,1.113750076,0.322500014,1.0875,57.17025,0
2026-02-25,14:36:16.518736,134022,-0.138750005,1.177500057,-1.353750038,1.23,57.1725,0
2026-02-25,14:36:16.518736,135111,-0.06375,0.61875,3.390000153,0.588750029,57.17475,0
2026-02-25,14:36:16.518736,136199,-0.104999995,1.0875,0.183749998,1.06875,57.1725,0
2026-02-25,14:36:22.002727,137333,-0.05625,0.62249999,3.348750305,0.58499999,57.17475,0
2026-02-25,14:36:22.002727,138420,-0.142499995,1.05375,0.742499971,1.00875,57.16575,0
2026-02-25,14:36:22.002727,139508,-0.12,1.072499943,-0.88125,1.098750019,57.9465,0
2026-02-25,14:36:22.002727,140598,-0.123749995,0.963750076,1.125,0.94875,57.7305,0
2026-02-25,14:36:22.002727,141685,-0.093750006,1.13625,0.96,1.151249981,57.1725,0
2026-02-25,14:36:27.484654,142821,-0.097500002,1.001249981,1.072499943,0.97125,57.17475,0
2026-02-25,14:36:27.484654,143908,-0.116250002,1.158749962,0.92625,1.188750076,57.1725,0
2026-02-25,14:36:27.484654,144995,-0.097500002,0.967500019,1.098750019,0.986250019,57.17475,0
2026-02-25,14:36:27.484654,146084,-0.093750006,1.02,1.061250019,0.99375,57.1725,0
2026-02-25,14:36:27.484654,147171,-0.123749995,1.132499981,0.933749962,1.177500057,57.1725,0
2026-02-25,14:36:32.987575,148315,-0.13125,1.072499943,1.001249981,1.117500019,57.1725,0
2026-02-25,14:36:32.987575,149402,-0.067500001,0.933749962,1.132499981,0.907499981,57.17475,0
2026-02-25,14:36:32.987575,150490,-0.101250005,1.125,0.95625,1.139999962,57.177,0
2026-02-25,14:36:32.987575,151578,-0.12,1.02,1.046250057,1.057499981,57.17475,0
2026-02-25,14:36:32.987575,152666,-0.075,0.941250038,1.132499981,0.915,57.1725,0
2026-02-25,14:36:38.492015,153801,-0.123749995,0.982499981,1.080000019,1.00875,57.177,0
2026-02-25,14:36:38.492015,154889,-0.135000002,1.02,1.064999962,0.99375,57.1725,0
2026-02-25,14:36:38.492015,155976,-0.104999995,1.14375,0.9375,1.173750019,57.1725,0
2026-02-25,14:36:38.492015,157064,-0.086249995,0.94875,1.117500019,0.952500057,57.1725,0
2026-02-25,14:36:38.492015,158152,-0.13125,1.064999962,1.02,1.035000038,57.1725,0
2026-02-25,14:36:44.022959,159321,-0.15,1.091250038,0.978750038,1.139999962,57.1725,0
2026-02-25,14:36:44.022959,160409,-0.067500001,0.941250038,1.132499981,0.915,57.17475,0
2026-02-25,14:36:44.022959,161496,-0.12,1.139999962,0.944999981,1.155000019,57.1725,0
2026-02-25,14:36:44.022959,162584,-0.101250005,1.057499981,1.0125,1.094999981,57.17475,0
2026-02-25,14:36:44.022959,163672,-0.1275,0.95625,1.121250057,0.92625,57.17925,0
2026-02-25,14:36:49.538817,164837,-0.093750006,1.117500019,0.978750038,1.110000038,57.17475,0
2026-02-25,14:36:49.538817,165926,-0.101250005,1.046250057,1.023750019,1.083749962,57.17475,0
2026-02-25,14:36:49.538817,167013,-0.097500002,0.9375,1.128750038,0.915,57.1725,0
2026-02-25,14:36:49.538817,168100,-0.1125,1.13625,0.944999981,1.151249981,57.1725,0
2026-02-25,14:36:49.538817,169189,-0.089999998,0.9975,1.06875,1.03125,57.17025,0
2026-02-25,14:36:55.017481,170347,-0.116250002,1.0875,0.989999962,1.132499981,57.1725,0
2026-02-25,14:36:55.017481,171436,-0.093750006,0.944999981,1.128750038,0.91875,57.1725,0
2026-02-25,14:36:55.017481,172523,-0.123749995,1.14375,0.9375,1.158749962,57.17025,0
2026-02-25,14:36:55.017481,173610,-0.123749995,1.057499981,1.0125,1.0875,57.1725,0
2026-02-25,14:36:55.017481,174698,-0.089999998,0.94875,1.132499981,0.930000019,57.1725,0
2026-02-25,14:37:00.504049,175834,-0.067500001,0.952500057,1.113750076,0.96,57.17475,0
2026-02-25,14:37:00.504049,176921,-0.093750006,0.99375,1.0875,0.95625,57.168,0
2026-02-25,14:37:00.504049,178009,-0.116250002,1.132499981,0.944999981,1.169999981,57.1725,0
2026-02-25,14:37:00.504049,179097,-0.093750006,0.9375,1.13625,0.92625,57.17475,0
2026-02-25,14:37:00.504049,180184,-0.071249998,1.027500057,1.057499981,1.001249981,57.1725,0
2026-02-25,14:37:05.983210,181320,-0.123749995,0.933749962,1.128750038,0.911250019,57.1725,0
2026-02-25,14:37:05.983210,182407,-0.071249998,1.125,0.967500019,1.121250057,57.17475,0
2026-02-25,14:37:05.983210,183494,-0.146249998,1.083749962,0.982499981,1.132499981,57.17025,0
2026-02-25,14:37:05.983210,184583,-0.104999995,0.941250038,1.125,0.915,57.17475,0
2026-02-25,14:37:05.983210,185670,-0.108749998,1.139999962,0.941250038,1.1625,57.17025,0
2026-02-25,14:37:11.466626,186805,-0.067500001,0.96,1.110000038,0.92625,57.17025,0
2026-02-25,14:37:11.466626,187892,0.57750001,1.169999981,0.963750076,1.203750038,57.141,0
2026-02-25,14:37:11.466626,188978,-0.078750002,1.038750076,1.023750019,1.083749962,57.17475,0
2026-02-25,14:37:11.466626,190066,-0.01875,0.952500057,1.128750038,0.91875,57.17025,0
2026-02-25,14:37:11.466626,191152,-0.05625,1.139999962,0.952500057,1.14375,57.168,0
2026-02-25,14:37:16.976944,192287,-0.048750001,0.94875,1.132499981,0.91875,57.1725,0
2026-02-25,14:37:16.976944,193376,-0.093750006,1.147499943,0.94875,1.18125,57.1635,0
2026-02-25,14:37:16.976944,194463,-0.044999999,0.95625,1.113750076,0.978750038,57.16125,0
2026-02-25,14:37:16.976944,195550,-0.048750001,0.9975,1.098750019,0.95625,57.1635,0
2026-02-25,14:37:16.976944,196639,-0.0375,1.13625,0.963750076,1.188750076,57.168,0
2026-02-25,14:37:22.438840,197787,0.311249995,0.941250038,1.132499981,0.92625,57.16575,0
2026-02-25,14:37:22.438840,198872,0.31875,1.005000019,1.0875,0.978750038,57.17025,0
2026-02-25,14:37:22.438840,199957,-0.0075,1.151249981,0.952500057,1.169999981,57.15675,0
2026-02-25,14:37:22.438840,201043,0.15375,1.094999981,0.989999962,1.139999962,57.1545,0
2026-02-25,14:37:22.438840,202128,0.232500005,0.96,1.13625,0.941250038,57.16125,0
2026-02-25,14:37:27.934365,203263,0.43125,1.139999962,0.95625,1.177500057,57.17475,0
2026-02-25,14:37:27.934365,204349,0.168750012,0.952500057,1.139999962,0.96,57.16125,0
2026-02-25,14:37:27.934365,205435,0.0375,1.00875,1.0875,0.95625,57.16575,0
2026-02-25,14:37:27.934365,206520,0.101250005,1.155000019,0.95625,1.166250038,57.15225,0
2026-02-25,14:37:27.934365,207605,0.217499995,1.121250057,0.96,1.173750019,57.16125,0
2026-02-25,14:37:33.412738,208743,0.104999995,1.147499943,0.94875,1.18125,57.159,0
2026-02-25,14:37:33.412738,209828,-0.086249995,1.05375,1.016250038,1.083749962,57.168,0
2026-02-25,14:37:33.412738,210916,-0.033750001,0.94875,1.14375,0.91875,57.17025,0
2026-02-25,14:37:33.412738,212003,-0.06375,1.147499943,0.941250038,1.177500057,57.168,0
2026-02-25,14:37:33.412738,213090,-0.06,1.0425,1.03125,1.076249981,57.16575,0
2026-02-25,14:37:38.903126,214226,-0.06375,1.155000019,0.94875,1.188750076,57.168,0
2026-02-25,14:37:38.903126,215314,-0.05625,0.952500057,1.121250057,0.95625,57.168,0
2026-02-25,14:37:38.903126,216401,-0.05625,1.005000019,1.072499943,0.96,57.16575,0
2026-02-25,14:37:38.903126,217488,-0.078750002,1.139999962,0.941250038,1.18125,57.168,0
2026-02-25,14:37:38.903126,218577,-0.06375,0.930000019,1.139999962,0.915,57.168,0
2026-02-25,14:37:44.385250,219715,-0.06,0.94875,1.125,0.944999981,57.168,0
2026-02-25,14:37:44.385250,220804,-0.015,1.083749962,1.0125,1.05375,57.1635,0
2026-02-25,14:37:44.385250,221890,-0.0375,1.139999962,0.944999981,1.177500057,57.159,0
2026-02-25,14:37:44.385250,222977,-0.052499998,0.941250038,1.132499981,0.933749962,57.17475,0
2026-02-25,14:37:44.385250,224064,-0.06375,1.035000038,1.057499981,1.00875,57.168,0
2026-02-25,14:37:49.866614,225199,0.101250005,0.941250038,1.147499943,0.907499981,57.1635,0
2026-02-25,14:37:49.866614,226284,0.078750002,1.005000019,1.091250038,0.963750076,57.16575,0
2026-02-25,14:37:49.866614,227371,-0.123749995,1.139999962,0.9375,1.188750076,57.1545,0
2026-02-25,14:37:49.866614,228458,-0.067500001,0.975,1.091250038,1.001249981,57.168,0
2026-02-25,14:37:49.866614,229545,-0.044999999,0.952500057,1.128750038,0.930000019,57.16575,0
2026-02-25,14:37:55.346515,230681,-0.05625,0.941250038,1.132499981,0.92625,57.16575,0
2026-02-25,14:37:55.346515,231769,-0.048750001,1.027500057,1.061250019,1.005000019,57.168,0
2026-02-25,14:37:55.346515,232856,-0.071249998,1.14375,0.941250038,1.185000038,57.1635,0
2026-02-25,14:37:55.346515,233944,-0.071249998,0.933749962,1.14375,0.911250019,57.17025,0
2026-02-25,14:37:55.346515,235031,-0.041249999,1.0425,1.05375,1.0125,57.1725,0
2026-02-25,14:38:00.827553,236166,-0.048750001,0.933749962,1.14375,0.915,57.17025,0
2026-02-25,14:38:00.827553,237254,-0.06,1.072499943,1.03125,1.038750076,57.168,0
2026-02-25,14:38:00.827553,238341,-0.093750006,1.13625,0.944999981,1.18125,57.1635,0
2026-02-25,14:38:00.827553,239428,-0.097500002,0.9375,1.128750038,0.92625,57.168,0
2026-02-25,14:38:00.827553,240515,-0.05625,1.0125,1.072499943,0.986250019,57.168,0
2026-02-25,14:38:06.342166,241650,-0.048750001,0.941250038,1.132499981,0.922500038,57.168,0
2026-02-25,14:38:06.342166,242739,-0.048750001,1.102500057,0.989999962,1.091250038,57.16575,0
2026-02-25,14:38:06.342166,243826,-0.089999998,1.121250057,0.952500057,1.169999981,57.1635,0
2026-02-25,14:38:06.342166,244913,-0.048750001,0.944999981,1.151249981,0.915,57.16575,0
2026-02-25,14:38:06.342166,246002,-0.06,1.113750076,0.975,1.121250057,57.16125,0
2026-02-25,14:38:11.822147,247157,-0.026249999,0.94875,1.13625,0.911250019,57.168,0
2026-02-25,14:38:11.822147,248244,-0.078750002,1.110000038,0.978750038,1.132499981,57.16575,0
2026-02-25,14:38:11.822147,249331,-0.041249999,1.06875,1.005000019,1.110000038,57.1635,0
2026-02-25,14:38:11.822147,250418,-0.0375,0.941250038,1.139999962,0.92625,57.16575,0
2026-02-25,14:38:11.822147,251507,-0.082499999,1.147499943,0.94875,1.18125,57.1635,0
2026-02-25,14:38:17.306321,252642,-0.0375,0.97125,1.128750038,0.92625,57.16575,0
2026-02-25,14:38:17.306321,253729,-0.078750002,1.1625,0.944999981,1.18125,57.16125,0
2026-02-25,14:38:17.306321,254818,-0.082499999,0.95625,1.128750038,0.963750076,57.16575,0
2026-02-25,14:38:17.306321,255905,-0.026249999,1.0125,1.091250038,0.97125,57.1635,0
2026-02-25,14:38:17.306321,256991,-0.093750006,1.151249981,0.933749962,1.188750076,57.16575,0
2026-02-25,14:38:22.820319,258127,-0.071249998,1.083749962,1.027500057,1.046250057,57.168,0
2026-02-25,14:38:22.820319,259214,-0.089999998,1.147499943,0.952500057,1.177500057,57.16575,0
2026-02-25,14:38:22.820319,260302,-0.089999998,0.941250038,1.147499943,0.91875,57.16575,0
2026-02-25,14:38:22.820319,261390,-0.067500001,1.128750038,0.982499981,1.125,57.16575,0
2026-02-25,14:38:22.820319,262477,-0.071249998,1.102500057,0.97125,1.158749962,57.168,0
2026-02-25,14:38:28.296942,263633,-0.067500001,1.155000019,0.941250038,1.169999981,57.1635,0
2026-02-25,14:38:28.296942,264720,-0.089999998,1.064999962,1.00875,1.110000038,57.16575,0
2026-02-25,14:38:28.296942,265807,-0.071249998,0.941250038,1.147499943,0.907499981,57.168,0
2026-02-25,14:38:28.296942,266896,-0.048750001,1.151249981,0.933749962,1.177500057,57.16575,0
2026-02-25,14:38:28.296942,267983,-0.082499999,1.072499943,1.001249981,1.110000038,57.168,0
2026-02-25,14:38:33.790965,269118,-0.044999999,1.1625,0.944999981,1.185000038,57.1635,0
2026-02-25,14:38:33.790965,270206,-0.082499999,1.05375,1.035000038,1.098750019,57.168,0
2026-02-25,14:38:33.790965,271293,-0.01875,0.941250038,1.147499943,0.91875,57.168,0
2026-02-25,14:38:33.790965,272379,-0.067500001,1.110000038,0.9975,1.094999981,57.168,0
2026-02-25,14:38:33.790965,273468,-0.082499999,1.080000019,0.9975,1.128750038,57.16575,0
2026-02-25,14:38:39.282084,274604,-0.048750001,1.158749962,0.9375,1.185000038,57.16575,0
2026-02-25,14:38:39.282084,275692,-0.06,0.95625,1.117500019,0.96,57.16575,0
2026-02-25,14:38:39.282084,276779,-0.067500001,0.99375,1.098750019,0.95625,57.168,0
2026-02-25,14:38:39.282084,277867,-0.075,1.151249981,0.941250038,1.192500019,57.16575,0
2026-02-25,14:38:39.282084,278954,-0.093750006,0.978750038,1.091250038,0.9975,57.168,0
2026-02-25,14:38:44.761744,280103,-0.06375,1.027500057,1.072499943,1.005000019,57.168,0
2026-02-25,14:38:44.761744,281190,-0.097500002,1.14375,0.9375,1.185000038,57.16575,0
2026-02-25,14:38:44.761744,282278,-0.078750002,0.9375,1.14375,0.91875,57.168,0
2026-02-25,14:38:44.761744,283366,-0.05625,1.061250019,1.046250057,1.027500057,57.16575,0
2026-02-25,14:38:44.761744,284453,-0.06375,1.14375,0.944999981,1.18125,57.1635,0
2026-02-25,14:38:50.269356,285589,-0.0375,1.13625,0.95625,1.139999962,57.16575,0
2026-02-25,14:38:50.269356,286676,-0.052499998,1.094999981,0.982499981,1.14375,57.16575,0
2026-02-25,14:38:50.269356,287763,-0.067500001,0.9375,1.147499943,0.907499981,57.168,0
2026-02-25,14:38:50.269356,288850,-0.06375,1.102500057,0.9975,1.083749962,57.168,0
2026-02-25,14:38:50.269356,289938,-0.067500001,1.139999962,0.94875,1.18125,57.1635,0
2026-02-25,14:38:55.747165,291084,-0.075,0.933749962,1.151249981,0.92625,57.16575,0
2026-02-25,14:38:55.747165,292171,-0.044999999,1.02,1.076249981,0.989999962,57.16575,0
2026-02-25,14:38:55.747165,293258,-0.082499999,1.155000019,0.941250038,1.196250057,57.16575,0
2026-02-25,14:38:55.747165,294347,-0.071249998,0.933749962,1.147499943,0.915,57.168,0
2026-02-25,14:38:55.747165,295434,-0.06375,1.0425,1.061250019,1.00875,57.16575,0
2026-02-25,14:39:01.235270,296569,-0.0375,0.92625,1.155000019,0.911250019,57.168,0
2026-02-25,14:39:01.235270,297656,-0.05625,1.06875,1.035000038,1.03125,57.16575,0
2026-02-25,14:39:01.235270,298743,-0.101250005,1.147499943,0.933749962,1.192500019,57.1635,0
2026-02-25,14:39:01.235270,299830,-0.03,0.9375,1.147499943,0.92625,57.16575,0
2026-02-25,14:39:01.235270,300918,-0.067500001,1.046250057,1.061250019,1.00875,57.16575,0
2026-02-25,14:39:06.715094,302053,-0.052499998,0.933749962,1.155000019,0.907499981,57.17025,0
2026-02-25,14:39:06.715094,303142,-0.082499999,1.125,0.967500019,1.128750038,57.16575,0
2026-02-25,14:39:06.715094,304229,-0.1125,1.102500057,0.97125,1.166250038,57.16575,0
2026-02-25,14:39:06.715094,305316,-0.06,0.930000019,1.158749962,0.90375,57.16575,0
2026-02-25,14:39:06.715094,306405,-0.048750001,1.151249981,0.952500057,1.169999981,57.16575,0
2026-02-25,14:39:12.197215,307540,-0.067500001,0.941250038,1.151249981,0.91875,57.168,0
2026-02-25,14:39:12.197215,308627,-0.06375,1.158749962,0.941250038,1.177500057,57.16575,0
2026-02-25,14:39:12.197215,309716,-0.071249998,0.982499981,1.0875,1.005000019,57.16575,0
2026-02-25,14:39:12.197215,310803,-0.05625,0.944999981,1.128750038,0.915,57.168,0
2026-02-25,14:39:12.197215,311890,-0.082499999,1.158749962,0.944999981,1.18125,57.16575,0
2026-02-25,14:39:17.705210,313026,-0.022499999,1.016250038,1.083749962,0.982499981,57.16575,0
2026-02-25,14:39:17.705210,314112,-0.116250002,1.158749962,0.930000019,1.2,57.16575,0
2026-02-25,14:39:17.705210,315200,-0.078750002,1.03125,1.05,1.076249981,57.16575,0
2026-02-25,14:39:17.705210,316288,-0.06,0.97125,1.121250057,0.930000019,57.16575,0
2026-02-25,14:39:17.705210,317375,-0.071249998,1.158749962,0.930000019,1.185000038,57.1635,0
2026-02-25,14:39:23.182749,318521,-0.082499999,1.076249981,1.001249981,1.110000038,57.16575,0
2026-02-25,14:39:23.182749,319609,-0.05625,0.933749962,1.147499943,0.90375,57.16575,0
2026-02-25,14:39:23.182749,320696,-0.067500001,1.110000038,0.982499981,1.10625,57.1635,0
2026-02-25,14:39:23.182749,321784,-0.052499998,1.076249981,0.9975,1.125,57.168,0
2026-02-25,14:39:23.182749,322871,-0.06375,0.933749962,1.151249981,0.896249962,57.16575,0
2026-02-25,14:39:28.671314,324006,-0.086249995,1.083749962,1.00875,1.132499981,57.16575,0
2026-02-25,14:39:28.671314,325094,-0.06,0.9375,1.14375,0.911250019,57.168,0
2026-02-25,14:39:28.671314,326181,-0.078750002,1.121250057,0.975,1.125,57.16575,0
2026-02-25,14:39:28.671314,327268,-0.101250005,1.121250057,0.952500057,1.177500057,57.16575,0
2026-02-25,14:39:28.671314,328357,-0.05625,0.933749962,1.158749962,0.90375,57.168,0
2026-02-25,14:39:34.149042,329492,-0.101250005,1.064999962,1.016250038,1.113750076,57.16575,0
2026-02-25,14:39:34.149042,330581,-0.071249998,0.944999981,1.13625,0.91875,57.16575,0
2026-02-25,14:39:34.149042,331668,-0.05625,1.1625,0.933749962,1.18125,57.1635,0
2026-02-25,14:39:34.149042,332755,-0.05625,1.064999962,1.0125,1.098750019,57.16575,0
2026-02-25,14:39:34.149042,333842,-0.03,0.930000019,1.147499943,0.90375,57.168,0
2026-02-25,14:39:39.635862,334976,-0.097500002,1.080000019,0.99375,1.117500019,57.16575,0
2026-02-25,14:39:39.635862,336063,-0.086249995,0.92625,1.147499943,0.90375,57.168,0
2026-02-25,14:39:39.635862,337152,-0.078750002,1.151249981,0.944999981,1.1625,57.1635,0
2026-02-25,14:39:39.635862,338239,-0.1125,1.076249981,0.99375,1.117500019,57.1635,0
2026-02-25,14:39:39.635862,339326,-0.071249998,0.933749962,1.14375,0.9,57.17025,0
2026-02-25,14:39:45.149325,340462,-0.06375,1.005000019,1.05375,1.05375,57.168,0
2026-02-25,14:39:45.149325,341549,-0.041249999,0.9375,1.14375,0.907499981,57.16575,0
2026-02-25,14:39:45.149325,342637,-0.093750006,1.147499943,0.95625,1.147499943,57.16575,0
2026-02-25,14:39:45.149325,343725,-0.1125,1.038750076,1.023750019,1.083749962,57.1635,0
2026-02-25,14:39:45.149325,344812,-0.06375,0.922500038,1.147499943,0.911250019,57.168,0
2026-02-25,14:39:50.625775,345966,-0.086249995,1.117500019,0.96,1.166250038,57.1635,0
2026-02-25,14:39:50.625775,347053,-0.0375,0.930000019,1.147499943,0.907499981,57.16575,0
2026-02-25,14:39:50.625775,348140,-0.052499998,1.046250057,1.05375,1.0125,57.16575,0
2026-02-25,14:39:50.625775,349228,-0.104999995,1.125,0.94875,1.173750019,57.16575,0
2026-02-25,14:39:50.625775,350315,-0.06,0.933749962,1.147499943,0.915,57.16575,0
2026-02-25,14:39:56.120379,351450,-0.086249995,1.13625,0.952500057,1.185000038,57.16575,0
2026-02-25,14:39:56.120379,352538,-0.078750002,0.92625,1.151249981,0.90375,57.168,0
2026-02-25,14:39:56.120379,353625,-0.06375,1.072499943,1.023750019,1.035000038,57.16575,0
2026-02-25,14:39:56.120379,354712,-0.101250005,1.14375,0.9375,1.188750076,57.16575,0
2026-02-25,14:39:56.120379,355802,-0.067500001,0.933749962,1.155000019,0.90375,57.16575,0
2026-02-25,14:40:01.593251,356937,-0.104999995,1.072499943,1.001249981,1.121250057,57.16575,0
2026-02-25,14:40:01.593251,358026,-0.022499999,0.944999981,1.14375,0.911250019,57.168,0
2026-02-25,14:40:01.593251,359112,-0.041249999,1.128750038,0.967500019,1.132499981,57.168,0
2026-02-25,14:40:01.593251,360199,-0.078750002,1.117500019,0.96,1.173750019,57.16575,0
2026-02-25,14:40:01.593251,361287,-0.078750002,0.922500038,1.147499943,0.907499981,57.16575,0
2026-02-25,14:40:07.094575,362422,-0.086249995,1.132499981,0.9375,1.169999981,57.16125,0
2026-02-25,14:40:07.094575,363509,-0.078750002,0.930000019,1.147499943,0.911250019,57.1635,0
2026-02-25,14:40:07.094575,364597,-0.071249998,1.102500057,1.001249981,1.072499943,57.16575,0
2026-02-25,14:40:07.094575,365684,-0.101250005,1.14375,0.941250038,1.177500057,57.1635,0
2026-02-25,14:40:07.094575,366772,-0.097500002,0.9375,1.139999962,0.92625,57.16575,0
2026-02-25,14:40:12.597072,367913,-0.06375,0.92625,1.151249981,0.911250019,57.16575,0
2026-02-25,14:40:12.597072,369000,-0.101250005,1.038750076,1.064999962,1.001249981,57.16575,0
2026-02-25,14:40:12.597072,370088,-0.082499999,1.155000019,0.9375,1.2,57.168,0
2026-02-25,14:40:12.597072,371176,-0.067500001,0.930000019,1.139999962,0.92625,57.1635,0
2026-02-25,14:40:12.597072,372263,-0.078750002,1.0125,1.080000019,0.982499981,57.16575,0
2026-02-25,14:40:18.074784,373416,-0.089999998,0.982499981,1.091250038,1.00875,57.1635,0
2026-02-25,14:40:18.074784,374503,-0.05625,0.94875,1.14375,0.911250019,57.16575,0
2026-02-25,14:40:18.074784,375590,-0.067500001,1.158749962,0.933749962,1.18125,57.16575,0
2026-02-25,14:40:18.074784,376679,-0.067500001,0.97125,1.10625,0.982499981,57.16575,0
2026-02-25,14:40:18.074784,377766,-0.05625,0.963750076,1.128750038,0.915,57.16575,0
2026-02-25,14:40:23.559196,378901,-0.071249998,0.96,1.110000038,0.963750076,57.16575,0
2026-02-25,14:40:23.559196,379988,-0.06,0.975,1.113750076,0.92625,57.16575,0
2026-02-25,14:40:23.559196,381075,-0.082499999,1.158749962,0.930000019,1.192500019,57.16575,0
2026-02-25,14:40:23.559196,382162,-0.078750002,1.001249981,1.064999962,1.0425,57.1635,0
2026-02-25,14:40:23.559196,383251,-0.082499999,0.9975,1.094999981,0.963750076,57.168,0
2026-02-25,14:40:29.040906,384386,-0.067500001,0.941250038,1.13625,0.941250038,57.16575,0
2026-02-25,14:40:29.040906,385475,-0.067500001,1.072499943,1.03125,1.038750076,57.16575,0
2026-02-25,14:40:29.040906,386562,-0.093750006,1.14375,0.9375,1.185000038,57.1635,0
2026-02-25,14:40:29.040906,387649,-0.097500002,0.933749962,1.13625,0.933749962,57.16575,0
2026-02-25,14:40:29.040906,388738,-0.052499998,1.083749962,1.0125,1.0425,57.1635,0
2026-02-25,14:40:34.528010,389873,-0.067500001,0.930000019,1.151249981,0.9,57.16575,0
2026-02-25,14:40:34.528010,390960,-0.06,1.072499943,1.023750019,1.0425,57.16575,0
2026-02-25,14:40:34.528010,392048,-0.097500002,1.10625,0.97125,1.158749962,57.1635,0
2026-02-25,14:40:34.528010,393136,-0.067500001,0.930000019,1.151249981,0.907499981,57.168,0
2026-02-25,14:40:34.528010,394223,-0.052499998,1.064999962,1.038750076,1.027500057,57.16575,0
2026-02-25,14:40:40.028628,395359,-0.052499998,0.933749962,1.147499943,0.90375,57.16575,0
2026-02-25,14:40:40.028628,396446,-0.093750006,1.121250057,0.975,1.117500019,57.1635,0
2026-02-25,14:40:40.028628,397534,-0.089999998,1.083749962,0.99375,1.151249981,57.16575,0
2026-02-25,14:40:40.028628,398621,-0.052499998,0.933749962,1.1625,0.90375,57.16575,0
2026-02-25,14:40:40.028628,399708,-0.089999998,1.083749962,1.0125,1.057499981,57.1635,0
2026-02-25,14:40:45.500893,400848,-0.06,1.016250038,1.080000019,0.989999962,57.168,0
2026-02-25,14:40:45.500893,401935,-0.06375,1.151249981,0.930000019,1.192500019,57.16575,0
2026-02-25,14:40:45.500893,403022,-0.093750006,0.97125,1.094999981,0.989999962,57.1635,0
2026-02-25,14:40:45.500893,404111,-0.078750002,1.00875,1.080000019,0.97125,57.1635,0
2026-02-25,14:40:45.500893,405198,-0.097500002,1.151249981,0.930000019,1.2,57.16125,0
2026-02-25,14:40:50.998298,406335,-0.078750002,1.0875,1.0125,1.072499943,57.16575,0
2026-02-25,14:40:50.998298,407422,-0.097500002,1.132499981,0.94875,1.177500057,57.1635,0
2026-02-25,14:40:50.998298,408509,-0.086249995,0.922500038,1.155000019,0.907499981,57.16575,0
2026-02-25,14:40:50.998298,409597,-0.041249999,1.0425,1.064999962,1.005000019,57.1635,0
2026-02-25,14:40:50.998298,410685,-0.082499999,1.125,0.94875,1.177500057,57.1635,0
2026-02-25,14:40:56.475586,411820,-0.082499999,1.128750038,0.975,1.125,57.1635,0
2026-02-25,14:40:56.475586,412909,-0.108749998,1.064999962,1.0125,1.102500057,57.1635,0
2026-02-25,14:40:56.475586,413996,-0.071249998,0.933749962,1.147499943,0.90375,57.1635,0
2026-02-25,14:40:56.475586,415083,-0.078750002,1.13625,0.963750076,1.132499981,57.1635,0
2026-02-25,14:40:56.475586,416172,-0.082499999,1.072499943,1.02,1.10625,57.1635,0
2026-02-25,14:41:01.961567,417306,-0.108749998,1.155000019,0.933749962,1.18125,57.1635,0
2026-02-25,14:41:01.961567,418394,-0.12,1.046250057,1.023750019,1.091250038,57.1635,0
2026-02-25,14:41:01.961567,419482,-0.052499998,0.96,1.13625,0.915,57.16575,0
2026-02-25,14:41:01.961567,420569,-0.075,1.1625,0.933749962,1.18125,57.1635,0
2026-02-25,14:41:01.961567,421656,-0.089999998,1.0425,1.023750019,1.083749962,57.16125,0
2026-02-25,14:41:07.505317,422793,-0.089999998,1.155000019,0.933749962,1.188750076,57.1635,0
2026-02-25,14:41:07.505317,423880,-0.082499999,0.96,1.113750076,0.975,57.16575,0
2026-02-25,14:41:07.505317,424967,-0.052499998,0.978750038,1.113750076,0.933749962,57.16575,0
2026-02-25,14:41:07.505317,426056,-0.075,1.155000019,0.9375,1.196250057,57.1635,0
2026-02-25,14:41:07.505317,427143,-0.067500001,0.941250038,1.139999962,0.944999981,57.1635,0
2026-02-25,14:41:13.022150,428326,-0.06,0.930000019,1.158749962,0.9,57.16575,0
2026-02-25,14:41:13.022150,429413,-0.052499998,1.094999981,1.00875,1.064999962,57.1635,0
2026-02-25,14:41:13.022150,430502,-0.097500002,1.072499943,1.001249981,1.128750038,57.1635,0
2026-02-25,14:41:13.022150,431590,-0.041249999,0.9375,1.14375,0.90375,57.1635,0
2026-02-25,14:41:13.022150,432677,-0.078750002,1.125,0.963750076,1.132499981,57.1635,0
2026-02-25,14:41:18.536539,433843,-0.086249995,1.14375,0.94875,1.18125,57.1635,0
2026-02-25,14:41:18.536539,434930,-0.071249998,0.930000019,1.151249981,0.911250019,57.16575,0
2026-02-25,14:41:18.536539,436017,-0.041249999,1.02,1.072499943,0.99375,57.16575,0
2026-02-25,14:41:18.536539,437106,-0.06,1.147499943,0.94875,1.177500057,57.16125,0
2026-02-25,14:41:18.536539,438193,-0.075,0.930000019,1.147499943,0.91875,57.16125,0
2026-02-25,14:41:24.031118,439358,-0.044999999,0.941250038,1.139999962,0.911250019,57.16575,0
2026-02-25,14:41:24.031118,440445,-0.06,1.155000019,0.933749962,1.173750019,57.1635,0
2026-02-25,14:41:24.031118,441532,-0.093750006,1.06875,1.00875,1.10625,57.16575,0
2026-02-25,14:41:24.031118,442621,-0.078750002,0.941250038,1.14375,0.911250019,57.16575,0
2026-02-25,14:41:24.031118,443708,-0.097500002,1.158749962,0.933749962,1.18125,57.1635,0
2026-02-25,14:41:29.530269,444876,-0.101250005,1.00875,1.057499981,1.05375,57.1635,0
2026-02-25,14:41:29.530269,445963,-0.06,0.9375,1.14375,0.915,57.1635,0
2026-02-25,14:41:29.530269,447050,-0.078750002,1.151249981,0.941250038,1.177500057,57.16125,0
2026-02-25,14:41:29.530269,448139,-0.075,0.982499981,1.091250038,1.00875,57.1635,0
2026-02-25,14:41:29.530269,449226,-0.06375,0.952500057,1.139999962,0.91875,57.16575,0
2026-02-25,14:41:35.044112,450361,-0.101250005,0.967500019,1.102500057,0.982499981,57.16575,0
2026-02-25,14:41:35.044112,451450,-0.086249995,1.02,1.080000019,0.986250019,57.1635,0
2026-02-25,14:41:35.044112,452537,-0.089999998,1.151249981,0.933749962,1.192500019,57.16575,0
2026-02-25,14:41:35.044112,453624,-0.078750002,0.967500019,1.0875,0.989999962,57.1635,0
2026-02-25,14:41:35.044112,454713,-0.044999999,1.0125,1.083749962,0.97125,57.16575,0
2026-02-25,14:41:40.563664,455867,-0.101250005,0.94875,1.125,0.96,57.1635,0
2026-02-25,14:41:40.563664,456956,-0.078750002,1.02,1.06875,0.9975,57.1635,0
2026-02-25,14:41:40.563664,458043,-0.097500002,1.155000019,0.933749962,1.192500019,57.15675,0
2026-02-25,14:41:40.563664,459130,-0.075,0.97125,1.102500057,0.99375,57.16575,0
2026-02-25,14:41:40.563664,460219,-0.01125,1.0125,1.0875,0.975,57.1635,0
2026-02-25,14:41:46.041310,461387,-0.116250002,1.14375,0.933749962,1.188750076,57.159,0
2026-02-25,14:41:46.041310,462476,-0.075,0.92625,1.151249981,0.90375,57.16575,0
2026-02-25,14:41:46.041310,463563,-0.0375,1.080000019,1.023750019,1.0425,57.16125,0
2026-02-25,14:41:46.041310,464650,-0.097500002,1.14375,0.9375,1.18125,57.16125,0
2026-02-25,14:41:46.041310,465737,-0.05625,0.9375,1.139999962,0.92625,57.16125,0
2026-02-25,14:41:51.537854,466872,-0.086249995,1.14375,0.941250038,1.185000038,57.159,0
2026-02-25,14:41:51.537854,467959,-0.086249995,0.9375,1.13625,0.92625,57.16575,0
2026-02-25,14:41:51.537854,469048,-0.06375,1.080000019,1.023750019,1.038750076,57.16125,0
2026-02-25,14:41:51.537854,470135,-0.086249995,1.155000019,0.9375,1.169999981,57.16575,0
2026-02-25,14:41:51.537854,471222,-0.082499999,0.944999981,1.13625,0.941250038,57.16125,0
2026-02-25,14:41:57.062424,472361,-0.05625,1.02,1.05,1.061250019,57.16125,0
2026-02-25,14:41:57.062424,473448,-0.06375,0.933749962,1.155000019,0.907499981,57.16575,0
2026-02-25,14:41:57.062424,474536,-0.093750006,1.155000019,0.952500057,1.169999981,57.1635,0
2026-02-25,14:41:57.062424,475623,-0.078750002,1.076249981,0.99375,1.125,57.159,0
2026-02-25,14:41:57.062424,476710,-0.075,0.92625,1.151249981,0.9,57.16575,0
2026-02-25,14:42:02.559297,477890,-0.06375,0.933749962,1.147499943,0.91875,57.1635,0
2026-02-25,14:42:02.559297,478977,-0.05625,1.0125,1.080000019,0.986250019,57.168,0
2026-02-25,14:42:02.559297,480065,-0.086249995,1.158749962,0.941250038,1.192500019,57.1635,0
2026-02-25,14:42:02.559297,481153,-0.03,0.933749962,1.13625,0.92625,57.1635,0
2026-02-25,14:42:02.559297,482239,-0.06,0.97125,1.121250057,0.92625,57.1635,0
2026-02-25,14:42:08.031328,483384,-0.06375,1.125,0.978750038,1.125,57.15675,0
2026-02-25,14:42:08.031328,484471,-0.089999998,1.121250057,0.967500019,1.1625,57.168,0
2026-02-25,14:42:08.031328,485558,-0.093750006,0.9375,1.147499943,0.9,57.16125,0
2026-02-25,14:42:08.031328,486647,-0.06375,1.132499981,0.963750076,1.139999962,57.16575,0
2026-02-25,14:42:08.031328,487734,-0.082499999,1.102500057,0.97125,1.158749962,57.16125,0
2026-02-25,14:42:13.537571,488869,-0.044999999,1.14375,0.95625,1.14375,57.159,0
2026-02-25,14:42:13.537571,489957,-0.086249995,1.027500057,1.05,1.061250019,57.159,0
2026-02-25,14:42:13.537571,491045,-0.0375,0.9375,1.14375,0.90375,57.168,0
2026-02-25,14:42:13.537571,492132,-0.082499999,1.158749962,0.941250038,1.169999981,57.159,0
2026-02-25,14:42:13.537571,493220,-0.086249995,0.99375,1.080000019,1.023750019,57.159,0
2026-02-25,14:42:19.011987,494364,-0.086249995,0.930000019,1.14375,0.915,57.1635,0
2026-02-25,14:42:19.011987,495452,-0.05625,1.098750019,0.9975,1.083749962,57.16125,0
2026-02-25,14:42:19.011987,496540,-0.097500002,1.14375,0.941250038,1.18125,57.16125,0
2026-02-25,14:42:19.011987,497627,-0.082499999,0.933749962,1.14375,0.922500038,57.16125,0
2026-02-25,14:42:19.011987,498714,-0.052499998,1.00875,1.083749962,0.97125,57.159,0
2026-02-25,14:42:24.500425,499849,-0.078750002,0.933749962,1.13625,0.930000019,57.16125,0
2026-02-25,14:42:24.500425,500936,-0.048750001,1.001249981,1.0875,0.95625,57.1635,0
2026-02-25,14:42:24.500425,502025,-0.123749995,1.155000019,0.9375,1.185000038,57.16125,0
2026-02-25,14:42:24.500425,503112,-0.086249995,0.94875,1.117500019,0.95625,57.16575,0
2026-02-25,14:42:24.500425,504199,-0.06,0.97125,1.113750076,0.930000019,57.16125,0
2026-02-25,14:42:30.000831,505335,-0.082499999,0.92625,1.151249981,0.907499981,57.17025,0
2026-02-25,14:42:30.000831,506422,-0.044999999,1.027500057,1.06875,0.9975,57.16125,0
2026-02-25,14:42:30.000831,507510,-0.089999998,1.1625,0.933749962,1.203750038,57.17025,0
2026-02-25,14:42:30.000831,508597,-0.071249998,0.95625,1.128750038,0.95625,57.16125,0
2026-02-25,14:42:30.000831,509684,-0.104999995,0.982499981,1.110000038,0.944999981,57.16125,0
2026-02-25,14:42:35.482966,510829,-0.044999999,1.132499981,0.967500019,1.132499981,57.1635,0
2026-02-25,14:42:35.482966,511917,-0.082499999,1.094999981,0.982499981,1.139999962,57.1635,0
2026-02-25,14:42:35.482966,513004,-0.082499999,0.933749962,1.151249981,0.9,57.16575,0
2026-02-25,14:42:35.482966,514092,-0.075,1.139999962,0.952500057,1.151249981,57.16125,0
2026-02-25,14:42:35.482966,515179,-0.12,1.091250038,0.982499981,1.139999962,57.16125,0
2026-02-25,14:42:40.989137,516316,-0.093750006,1.1625,0.9375,1.196250057,57.16125,0
2026-02-25,14:42:40.989137,517404,-0.116250002,0.989999962,1.072499943,1.016250038,57.16125,0
2026-02-25,14:42:40.989137,518491,-0.05625,0.941250038,1.14375,0.911250019,57.15675,0
2026-02-25,14:42:40.989137,519578,-0.071249998,1.155000019,0.933749962,1.177500057,57.1635,0
2026-02-25,14:42:40.989137,520667,-0.104999995,0.978750038,1.0875,1.00875,57.17025,0
2026-02-25,14:42:46.500365,521816,-0.05625,1.016250038,1.083749962,0.986250019,57.16125,0
2026-02-25,14:42:46.500365,522905,-0.108749998,1.151249981,0.941250038,1.185000038,57.159,0
2026-02-25,14:42:46.500365,523992,-0.097500002,0.933749962,1.147499943,0.92625,57.1635,0
2026-02-25,14:42:46.500365,525079,-0.067500001,1.00875,1.091250038,0.97125,57.16125,0
2026-02-25,14:42:46.500365,526167,-0.104999995,1.147499943,0.9375,1.188750076,57.1635,0
