2026-02-25,13:56:14.125544,2002898,-36,287,805,290,60.00514,0
2026-02-25,13:56:14.125544,2003986,-23,284,813,280,60.00514,0
2026-02-25,13:56:14.125544,2005073,-34,290,821,298,60.00278,0
2026-02-25,13:56:14.125544,2006160,-38,288,815,293,60.00278,0
2026-02-25,13:56:14.125544,2007249,-29,282,815,277,60.00514,0
2026-02-25,13:56:19.632889,2008384,-29,288,812,288,60.00514,0
2026-02-25,13:56:19.632889,2009473,-30,284,819,279,60.00514,0
2026-02-25,13:56:19.632889,2010560,-32,290,804,298,60.00514,0
2026-02-25,13:56:19.632889,2011647,-30,287,809,289,60.00278,0
2026-02-25,13:56:19.632889,2012735,-26,288,820,285,60.00514,0
2026-02-25,13:56:25.133832,2013882,-36,293,821,298,60.00278,0
2026-02-25,13:56:25.133832,2014969,-37,288,806,291,60.00278,0
2026-02-25,13:56:25.133832,2016058,-33,285,810,279,60.00278,0
2026-02-25,13:56:25.133832,2017145,-41,290,812,298,60.00041,0
2026-02-25,13:56:25.133832,2018232,-29,290,809,292,59.99569,0
2026-02-25,13:56:30.623470,2019407,48,293,810,299,59.97206,0
2026-02-25,13:56:30.623470,2020492,44,290,797,300,59.92481,0
2026-02-25,13:56:30.623470,2021579,49,288,802,285,60.01932,0
2026-02-25,13:56:30.623470,2022664,118,289,811,282,59.95316,0
2026-02-25,13:56:30.623470,2023750,70,291,811,295,59.83031,0
2026-02-25,13:56:36.121277,2024884,25,286,813,279,59.8752,0
2026-02-25,13:56:36.121277,2025969,134,289,814,280,59.90591,0
2026-02-25,13:56:36.121277,2027055,180,296,802,303,59.91536,0
2026-02-25,13:56:36.121277,2028143,-29,290,809,296,59.77125,0
2026-02-25,13:56:36.121277,2029230,131,287,808,279,59.87993,0
2026-02-25,13:56:41.636469,2030371,111,288,818,280,59.85157,0
2026-02-25,13:56:41.636469,2031457,62,294,813,298,59.83976,0
2026-02-25,13:56:41.636469,2032543,-25,291,806,298,60.00514,0
2026-02-25,13:56:41.636469,2033630,-29,283,812,280,60.00278,0
2026-02-25,13:56:41.636469,2034717,-27,286,818,283,60.00514,0
2026-02-25,13:56:47.115214,2035891,-31,284,805,281,60.00041,0
2026-02-25,13:56:47.115214,2036979,-30,287,807,280,60.00278,0
2026-02-25,13:56:47.115214,2038066,-35,290,811,300,60.00041,0
2026-02-25,13:56:47.115214,2039153,-35,289,796,292,60.0075,0
2026-02-25,13:56:47.115214,2040240,-24,283,817,278,60.00278,0
2026-02-25,13:56:52.621222,2041375,-39,285,805,285,60.00514,0
2026-02-25,13:56:52.621222,2042464,-36,284,818,283,60.00278,0
2026-02-25,13:56:52.621222,2043551,-37,291,802,301,60.00278,0
2026-02-25,13:56:52.621222,2044638,-41,284,813,285,60.00041,0
2026-02-25,13:56:52.621222,2045727,-28,287,818,284,60.00278,0
2026-02-25,13:56:58.113920,2046871,-29,291,810,297,60.00278,0
2026-02-25,13:56:58.113920,2047959,-40,291,815,297,60.00514,0
2026-02-25,13:56:58.113920,2049046,-35,282,816,278,60.00278,0
2026-02-25,13:56:58.113920,2050133,-24,291,819,296,60.00278,0
2026-02-25,13:56:58.113920,2051220,-35,288,792,295,60.00278,0
2026-02-25,13:57:03.583561,2052364,-34,286,817,285,60.00514,0
2026-02-25,13:57:03.583561,2053451,-35,284,820,278,60.00514,0
2026-02-25,13:57:03.583561,2054540,-28,292,815,300,59.99805,0
2026-02-25,13:57:03.583561,2055627,-37,284,810,285,60.00278,0
2026-02-25,13:57:03.583561,2056714,-34,284,814,278,60.00278,0
2026-02-25,13:57:09.075416,2057851,-32,283,812,280,59.99805,0
2026-02-25,13:57:09.075416,2058938,-43,285,816,282,60.00278,0
2026-02-25,13:57:09.075416,2060025,-41,293,803,300,59.99805,0
2026-02-25,13:57:09.075416,2061114,-36,283,825,279,60.00041,0
2026-02-25,13:57:09.075416,2062201,-30,287,823,284,60.00041,0
2026-02-25,13:57:14.570990,2063336,-27,282,821,279,60.00278,0
2026-02-25,13:57:14.570990,2064423,-27,285,804,286,59.99805,0
2026-02-25,13:57:14.570990,2065510,-35,290,812,299,60.00278,0
2026-02-25,13:57:14.570990,2066597,-38,287,813,283,60.00041,0
2026-02-25,13:57:14.570990,2067685,-34,286,815,285,60.00041,0
2026-02-25,13:57:20.059616,2068826,-30,288,813,286,60.00278,0
2026-02-25,13:57:20.059616,2069916,-35,289,810,296,60.00041,0
2026-02-25,13:57:20.059616,2071003,-37,284,810,276,60.00278,0
2026-02-25,13:57:20.059616,2072090,-30,288,805,288,60.00514,0
2026-02-25,13:57:20.059616,2073179,-36,291,803,298,60.00514,0
2026-02-25,13:57:25.554750,2074314,-31,290,811,294,60.00041,0
2026-02-25,13:57:25.554750,2075401,-31,293,811,301,60.00278,0
2026-02-25,13:57:25.554750,2076488,-25,283,809,278,60.00041,0
2026-02-25,13:57:25.554750,2077575,-37,287,813,286,60.00041,0
2026-02-25,13:57:25.554750,2078663,-43,291,805,299,60.00278,0
2026-02-25,13:57:31.073446,2079831,-41,282,808,278,60.00278,0
2026-02-25,13:57:31.073446,2080919,-34,287,816,288,60.00041,0
2026-02-25,13:57:31.073446,2082007,-33,288,802,296,60.00514,0
2026-02-25,13:57:31.073446,2083094,-44,283,818,277,60.00041,0
2026-02-25,13:57:31.073446,2084182,-31,288,803,290,60.00041,0
2026-02-25,13:57:36.546336,2085328,-40,293,807,297,60.00278,0
2026-02-25,13:57:36.546336,2086416,-30,283,810,279,60.00278,0
2026-02-25,13:57:36.546336,2087504,-31,291,811,293,60.00514,0
2026-02-25,13:57:36.546336,2088591,-37,290,812,298,60.00514,0
2026-02-25,13:57:36.546336,2089678,-32,285,816,278,60.00514,0
2026-02-25,13:57:42.048301,2090814,-32,293,807,302,60.00514,0
2026-02-25,13:57:42.048301,2091901,-31,283,813,277,60.00514,0
2026-02-25,13:57:42.048301,2092988,-35,288,811,290,60.00041,0
2026-02-25,13:57:42.048301,2094077,-43,289,813,296,60.00278,0
2026-02-25,13:57:42.048301,2095164,-30,283,813,277,60.00278,0
2026-02-25,13:57:47.519964,2096307,-38,283,807,278,60.00278,0
2026-02-25,13:57:47.519964,2097394,-32,292,815,299,60.00278,0
2026-02-25,13:57:47.519964,2098481,-37,286,809,290,60.00041,0
2026-02-25,13:57:47.519964,2099568,473,303,1371,301,7.987612,0
2026-02-25,13:57:47.519964,2100654,491,310,1404,310,5.582588,0
2026-02-25,13:57:53.008586,2101787,489,304,1405,298,4.69665,0
2026-02-25,13:57:53.008586,2102874,489,306,1407,302,4.276125,0
2026-02-25,13:57:53.008586,2103959,494,311,1411,316,4.269038,0
2026-02-25,13:57:53.008586,2105044,497,311,1410,318,4.266675,0
2026-02-25,13:57:53.008586,2106129,494,305,1413,303,4.264312,0
2026-02-25,13:57:58.477625,2107263,495,312,1416,318,4.264312,0
2026-02-25,13:57:58.477625,2108348,496,310,1414,315,4.264312,0
2026-02-25,13:57:58.477625,2109435,501,304,1421,297,4.264312,0
2026-02-25,13:57:58.477625,2110520,502,305,1423,300,4.26195,0
2026-02-25,13:57:58.477625,2111605,502,312,1422,316,4.264312,0
2026-02-25,13:58:03.959817,2112739,506,303,1419,298,4.26195,0
2026-02-25,13:58:03.959817,2113824,506,307,1415,306,4.259587,0
2026-02-25,13:58:03.959817,2114909,504,311,1418,318,4.259587,0
2026-02-25,13:58:03.959817,2115996,502,307,1415,309,4.259587,0
2026-02-25,13:58:03.959817,2117081,504,303,1416,297,4.259587,0
2026-02-25,13:58:09.435754,2118220,509,305,1423,301,4.259587,0
2026-02-25,13:58:09.435754,2119305,510,304,1425,298,4.259587,0
2026-02-25,13:58:09.435754,2120390,507,309,1424,309,4.257225,0
2026-02-25,13:58:09.435754,2121475,505,311,1421,319,4.259587,0
2026-02-25,13:58:09.435754,2122562,511,306,1417,305,4.259587,0
2026-02-25,13:58:14.935323,2123695,505,312,1419,318,4.259587,0
2026-02-25,13:58:14.935323,2124781,505,308,1417,313,4.257225,0
2026-02-25,13:58:14.935323,2125866,511,303,1424,298,4.259587,0
2026-02-25,13:58:14.935323,2126951,508,304,1422,298,4.257225,0
2026-02-25,13:58:14.935323,2128036,512,310,1429,319,4.245413,0
2026-02-25,13:58:20.398695,2129193,509,305,1424,298,4.257225,0
2026-02-25,13:58:20.398695,2130278,509,312,1426,315,4.259587,0
2026-02-25,13:58:20.398695,2131365,509,310,1422,318,4.257225,0
2026-02-25,13:58:20.398695,2132450,513,304,1429,301,4.257225,0
2026-02-25,13:58:20.398695,2133535,511,304,1428,297,4.259587,0
2026-02-25,13:58:25.935989,2134722,510,311,1425,318,4.254862,0
2026-02-25,13:58:25.935989,2135807,509,311,1416,318,4.254862,0
2026-02-25,13:58:25.935989,2136894,514,303,1430,299,4.257225,0
2026-02-25,13:58:25.935989,2137979,516,304,1422,299,4.257225,0
2026-02-25,13:58:25.935989,2139064,510,311,1428,313,4.257225,0
2026-02-25,13:58:31.409112,2140204,514,309,1431,306,4.257225,0
2026-02-25,13:58:31.409112,2141289,511,312,1424,319,4.254862,0
2026-02-25,13:58:31.409112,2142374,513,311,1425,317,4.245413,0
2026-02-25,13:58:31.409112,2143460,514,304,1425,298,4.259587,0
2026-02-25,13:58:31.409112,2144545,513,304,1427,299,4.259587,0
2026-02-25,13:58:36.885958,2145678,512,307,1427,310,4.257225,0
2026-02-25,13:58:36.885958,2146763,511,303,1426,297,4.257225,0
2026-02-25,13:58:36.885958,2147848,512,306,1428,301,4.257225,0
2026-02-25,13:58:36.885958,2148934,515,314,1430,322,4.24305,0
2026-02-25,13:58:36.885958,2150019,513,309,1421,315,4.254862,0
2026-02-25,13:58:42.404636,2151167,516,303,1431,297,4.257225,0
2026-02-25,13:58:42.404636,2152253,511,310,1426,312,4.257225,0
2026-02-25,13:58:42.404636,2153338,511,313,1426,318,4.254862,0
2026-02-25,13:58:42.404636,2154424,512,308,1429,311,4.254862,0
2026-02-25,13:58:42.404636,2155510,516,305,1428,297,4.257225,0
2026-02-25,13:58:47.898766,2156661,515,312,1424,320,4.254862,0
2026-02-25,13:58:47.898766,2157748,512,305,1425,302,4.257225,0
2026-02-25,13:58:47.898766,2158833,511,304,1432,298,4.257225,0
2026-02-25,13:58:47.898766,2159918,519,307,1430,306,4.254862,0
2026-02-25,13:58:47.898766,2161003,513,312,1433,318,4.254862,0
2026-02-25,13:58:53.357763,2162154,514,304,1430,298,4.254862,0
2026-02-25,13:58:53.357763,2163238,514,304,1434,301,4.257225,0
2026-02-25,13:58:53.357763,2164324,510,314,1426,318,4.2525,0
2026-02-25,13:58:53.357763,2165409,515,311,1429,319,4.2525,0
2026-02-25,13:58:53.357763,2166494,513,306,1430,306,4.254862,0
2026-02-25,13:58:58.846698,2167629,514,312,1428,319,4.254862,0
2026-02-25,13:58:58.846698,2168714,513,310,1424,314,4.254862,0
2026-02-25,13:58:58.846698,2169799,513,305,1432,299,4.254862,0
2026-02-25,13:58:58.846698,2170886,515,306,1431,302,4.254862,0
2026-02-25,13:58:58.846698,2171971,518,310,1430,317,4.254862,0
2026-02-25,13:59:04.319554,2173109,517,308,1435,306,4.254862,0
2026-02-25,13:59:04.319554,2174194,511,311,1431,319,4.254862,0
2026-02-25,13:59:04.319554,2175279,514,310,1428,316,4.254862,0
2026-02-25,13:59:04.319554,2176364,514,304,1430,301,4.254862,0
2026-02-25,13:59:04.319554,2177451,515,306,1434,299,4.257225,0
2026-02-25,13:59:09.800914,2178584,516,308,1428,311,4.2525,0
2026-02-25,13:59:09.800914,2179671,519,303,1428,301,4.240688,0
2026-02-25,13:59:09.800914,2180756,517,307,1431,305,4.2525,0
2026-02-25,13:59:09.800914,2181841,515,312,1430,320,4.254862,0
2026-02-25,13:59:09.800914,2182926,516,313,1430,321,4.24305,0
2026-02-25,13:59:15.280282,2184069,518,307,1431,310,4.254862,0
2026-02-25,13:59:15.280282,2185154,527,304,1434,298,4.254862,0
2026-02-25,13:59:15.280282,2186241,520,307,1429,305,4.254862,0
2026-02-25,13:59:15.280282,2187326,520,312,1431,319,4.2525,0
2026-02-25,13:59:15.280282,2188411,523,311,1423,317,4.2525,0
2026-02-25,13:59:20.771176,2189545,-15,291,855,292,59.92718,0
2026-02-25,13:59:20.771176,2190633,-25,291,833,299,59.93663,0
2026-02-25,13:59:20.771176,2191720,-18,284,832,279,59.94844,0
2026-02-25,13:59:20.771176,2192809,-17,289,836,294,59.95553,0
2026-02-25,13:59:20.771176,2193896,-25,293,827,298,59.96261,0
2026-02-25,13:59:26.278108,2195031,-23,290,834,294,59.96734,0
2026-02-25,13:59:26.278108,2196118,-34,290,822,297,59.9697,0
2026-02-25,13:59:26.278108,2197205,-31,283,831,277,59.97679,0
2026-02-25,13:59:26.278108,2198292,-30,286,837,288,59.97679,0
2026-02-25,13:59:26.278108,2199379,-34,291,825,298,59.98388,0
2026-02-25,13:59:31.760487,2200540,-41,294,818,303,59.98624,0
2026-02-25,13:59:31.760487,2201628,-36,282,823,278,59.98861,0
2026-02-25,13:59:31.760487,2202715,-33,287,822,285,59.98861,0
2026-02-25,13:59:31.760487,2203802,-44,290,813,298,59.99096,0
2026-02-25,13:59:31.760487,2204891,-45,283,838,277,59.99805,0
2026-02-25,13:59:37.249805,2206026,-39,289,818,296,59.99569,0
2026-02-25,13:59:37.249805,2207115,-36,283,834,280,60.00278,0
2026-02-25,13:59:37.249805,2208202,-41,291,825,297,60.00041,0
2026-02-25,13:59:37.249805,2209289,479,308,1383,313,7.649775,0
2026-02-25,13:59:37.249805,2210374,497,306,1407,302,5.3298,0
2026-02-25,13:59:42.712015,2211510,496,311,1411,318,4.547812,0
2026-02-25,13:59:42.712015,2212595,499,305,1414,301,4.269038,0
2026-02-25,13:59:42.712015,2213682,501,305,1421,299,4.26195,0
2026-02-25,13:59:42.712015,2214767,507,308,1422,318,4.245413,0
2026-02-25,13:59:42.712015,2215852,504,311,1412,318,4.259587,0
2026-02-25,13:59:48.208023,2216987,506,309,1423,310,4.259587,0
2026-02-25,13:59:48.208023,2218072,504,312,1423,318,4.259587,0
2026-02-25,13:59:48.208023,2219157,506,308,1425,311,4.259587,0
2026-02-25,13:59:48.208023,2220244,509,304,1428,298,4.259587,0
2026-02-25,13:59:48.208023,2221329,509,309,1429,307,4.257225,0
2026-02-25,13:59:53.672569,2222470,513,312,1425,312,4.254862,0
2026-02-25,13:59:53.672569,2223555,507,312,1424,318,4.254862,0
2026-02-25,13:59:53.672569,2224640,512,307,1423,310,4.257225,0
2026-02-25,13:59:53.672569,2225728,511,305,1432,301,4.247775,0
2026-02-25,13:59:53.672569,2226813,512,311,1422,312,4.254862,0
2026-02-25,13:59:59.156857,2227946,514,304,1427,298,4.257225,0
2026-02-25,13:59:59.156857,2229033,514,307,1430,304,4.259587,0
2026-02-25,13:59:59.156857,2230118,516,314,1428,322,4.240688,0
2026-02-25,13:59:59.156857,2231203,510,310,1424,317,4.254862,0
2026-02-25,13:59:59.156857,2232289,521,304,1427,301,4.245413,0
2026-02-25,14:00:04.630902,2233422,518,313,1407,320,4.257225,0
2026-02-25,14:00:04.630902,2234507,517,308,1409,310,4.254862,0
2026-02-25,14:00:04.630902,2235594,517,305,1412,299,4.254862,0
2026-02-25,14:00:04.630902,2236679,516,309,1413,307,4.254862,0
2026-02-25,14:00:04.630902,2237764,514,312,1412,319,4.254862,0
2026-02-25,14:00:10.115434,2238898,517,306,1408,300,4.257225,0
2026-02-25,14:00:10.115434,2239983,513,312,1410,315,4.2525,0
2026-02-25,14:00:10.115434,2241068,517,314,1412,319,4.2525,0
2026-02-25,14:00:10.115434,2242155,514,304,1414,301,4.254862,0
2026-02-25,14:00:10.115434,2243240,529,303,1412,300,4.257225,0
2026-02-25,14:00:15.577764,2244376,522,305,1412,302,4.2525,0
2026-02-25,14:00:15.577764,2245461,530,305,1413,300,4.254862,0
2026-02-25,14:00:15.577764,2246546,529,311,1412,310,4.254862,0
2026-02-25,14:00:15.577764,2247631,529,314,1410,320,4.254862,0
2026-02-25,14:00:15.577764,2248718,531,307,1410,306,4.2525,0
2026-02-25,14:00:21.064829,2249851,521,312,1410,319,4.254862,0
2026-02-25,14:00:21.064829,2250937,521,310,1406,313,4.254862,0
2026-02-25,14:00:21.064829,2252022,524,305,1408,298,4.254862,0
2026-02-25,14:00:21.064829,2253107,528,307,1414,302,4.254862,0
2026-02-25,14:00:21.064829,2254192,527,313,1412,318,4.2525,0
2026-02-25,14:00:26.528556,2255327,510,305,1417,300,4.254862,0
2026-02-25,14:00:26.528556,2256412,511,310,1412,315,4.2525,0
2026-02-25,14:00:26.528556,2257498,511,314,1379,321,4.2525,0
2026-02-25,14:00:26.528556,2258583,505,307,1409,302,4.254862,0
2026-02-25,14:00:26.528556,2259669,488,307,1407,302,4.254862,0
2026-02-25,14:00:32.043200,2260801,481,306,1400,307,4.2525,0
2026-02-25,14:00:32.043200,2261886,523,305,1409,299,4.254862,0
2026-02-25,14:00:32.043200,2262972,523,310,1404,310,4.254862,0
2026-02-25,14:00:32.043200,2264058,519,314,1397,321,4.2525,0
2026-02-25,14:00:32.043200,2265143,523,306,1407,306,4.254862,0
2026-02-25,14:00:37.506216,2266305,525,306,1397,302,4.254862,0
2026-02-25,14:00:37.506216,2267390,526,306,1406,301,4.254862,0
2026-02-25,14:00:37.506216,2268475,526,313,1407,315,4.2525,0
2026-02-25,14:00:37.506216,2269560,523,316,1403,326,4.240688,0
2026-02-25,14:00:37.506216,2270645,526,308,1402,307,4.2525,0
2026-02-25,14:00:42.988675,2271778,529,314,1403,321,4.2525,0
2026-02-25,14:00:42.988675,2272865,524,310,1402,314,4.2525,0
2026-02-25,14:00:42.988675,2273950,526,306,1405,299,4.254862,0
2026-02-25,14:00:42.988675,2275035,531,308,1409,303,4.2525,0
2026-02-25,14:00:42.988675,2276122,527,314,1399,322,4.2525,0
2026-02-25,14:00:48.457443,2277255,521,306,1405,301,4.254862,0
2026-02-25,14:00:48.457443,2278340,518,313,1400,315,4.2525,0
2026-02-25,14:00:48.457443,2279426,516,313,1402,320,4.250137,0
2026-02-25,14:00:48.457443,2280511,518,309,1404,306,4.238325,0
2026-02-25,14:00:48.457443,2281597,514,305,1411,300,4.2525,0
2026-02-25,14:00:53.948477,2282731,515,306,1402,308,4.2525,0
2026-02-25,14:00:53.948477,2283816,517,308,1410,300,4.2525,0
2026-02-25,14:00:53.948477,2284902,517,308,1407,307,4.2525,0
2026-02-25,14:00:53.948477,2285989,516,314,1408,321,4.2525,0
2026-02-25,14:00:53.948477,2287074,519,309,1400,312,4.2525,0
2026-02-25,14:00:59.429753,2288211,522,315,1406,324,4.238325,0
2026-02-25,14:00:59.429753,2289296,520,308,1403,309,4.250137,0
2026-02-25,14:00:59.429753,2290381,522,306,1410,299,4.2525,0
2026-02-25,14:00:59.429753,2291466,517,308,1409,305,4.2525,0
2026-02-25,14:00:59.429753,2292553,518,312,1404,321,4.250137,0
2026-02-25,14:01:04.935645,2293732,514,313,1398,321,4.250137,0
2026-02-25,14:01:04.935645,2294817,517,311,1404,317,4.250137,0
2026-02-25,14:01:04.935645,2295902,516,306,1405,300,4.2525,0
2026-02-25,14:01:04.935645,2296987,515,307,1404,301,4.2525,0
2026-02-25,14:01:04.935645,2298074,516,313,1403,321,4.2525,0
2026-02-25,14:01:10.426939,2299207,495,306,1403,300,4.254862,0
2026-02-25,14:01:10.426939,2300293,511,312,1406,316,4.250137,0
2026-02-25,14:01:10.426939,2301378,510,312,1402,321,4.2525,0
2026-02-25,14:01:10.426939,2302464,512,307,1406,306,4.254862,0
2026-02-25,14:01:10.426939,2303549,513,306,1403,299,4.2525,0
2026-02-25,14:01:15.889412,2304689,513,306,1408,299,4.254862,0
2026-02-25,14:01:15.889412,2305774,506,310,1407,310,4.2525,0
2026-02-25,14:01:15.889412,2306861,508,311,1407,319,4.250137,0
2026-02-25,14:01:15.889412,2307946,511,306,1400,305,4.2525,0
2026-02-25,14:01:15.889412,2309031,497,306,1404,300,4.2525,0
2026-02-25,14:01:21.838499,2310164,487,312,1400,319,4.250137,0
2026-02-25,14:01:21.838499,2311249,515,305,1402,295,4.250137,0
2026-02-25,14:01:21.838499,2312334,515,307,1410,301,4.250137,0
2026-02-25,14:01:21.838499,2313420,514,313,1408,320,4.250137,0
2026-02-25,14:01:21.838499,2314506,511,312,1400,319,4.250137,0
2026-02-25,14:01:27.336445,2316103,514,313,1403,321,4.2525,0
2026-02-25,14:01:27.336445,2317188,514,313,1404,316,4.250137,0
2026-02-25,14:01:27.336445,2318273,515,306,1404,301,4.2525,0
2026-02-25,14:01:27.336445,2319360,513,307,1408,304,4.250137,0
2026-02-25,14:01:27.336445,2320445,513,313,1402,320,4.250137,0
2026-02-25,14:01:32.795900,2321600,538,306,1411,301,4.250137,0
2026-02-25,14:01:32.795900,2322685,536,313,1408,318,4.250137,0
2026-02-25,14:01:32.795900,2323770,529,313,1409,322,4.250137,0
2026-02-25,14:01:32.795900,2324855,530,312,1417,312,4.240688,0
2026-02-25,14:01:32.795900,2325941,531,306,1416,301,4.2525,0
2026-02-25,14:01:38.290792,2327074,528,311,1415,317,4.250137,0
2026-02-25,14:01:38.290792,2328160,527,306,1405,300,4.2525,0
2026-02-25,14:01:38.290792,2329245,527,309,1406,307,4.250137,0
2026-02-25,14:01:38.290792,2330330,524,313,1404,321,4.2525,0
2026-02-25,14:01:38.290792,2331416,526,312,1405,318,4.238325,0
2026-02-25,14:01:43.756890,2332559,513,307,1405,304,4.250137,0
2026-02-25,14:01:43.756890,2333644,544,305,1409,298,4.2525,0
2026-02-25,14:01:43.756890,2334731,586,311,1436,316,4.250137,0
2026-02-25,14:01:43.756890,2335816,576,313,1425,322,4.250137,0
2026-02-25,14:01:43.756890,2336901,562,309,1372,310,4.2525,0
2026-02-25,14:01:49.239481,2338035,573,313,1380,321,4.250137,0
2026-02-25,14:01:49.239481,2339120,528,312,1374,318,4.2525,0
2026-02-25,14:01:49.239481,2340205,518,305,1380,301,4.2525,0
2026-02-25,14:01:49.239481,2341292,523,306,1379,302,4.2525,0
2026-02-25,14:01:49.239481,2342377,520,312,1378,319,4.2525,0
2026-02-25,14:01:54.707425,2343513,526,307,1379,303,4.250137,0
2026-02-25,14:01:54.707425,2344598,535,313,1380,320,4.250137,0
2026-02-25,14:01:54.707425,2345683,531,312,1376,319,4.250137,0
2026-02-25,14:01:54.707425,2346769,538,308,1379,304,4.240688,0
2026-02-25,14:01:54.707425,2347855,545,307,1382,301,4.250137,0
2026-02-25,14:02:00.198707,2348988,519,307,1378,311,4.2525,0
2026-02-25,14:02:00.198707,2350075,525,306,1400,299,4.250137,0
2026-02-25,14:02:00.198707,2351160,527,311,1407,309,4.2525,0
2026-02-25,14:02:00.198707,2352245,527,311,1402,321,4.250137,0
2026-02-25,14:02:00.198707,2353330,526,309,1398,313,4.2525,0
2026-02-25,14:02:05.671815,2354478,523,305,1407,300,4.250137,0
2026-02-25,14:02:05.671815,2355563,526,312,1401,316,4.250137,0
2026-02-25,14:02:05.671815,2356650,526,311,1399,319,4.250137,0
2026-02-25,14:02:05.671815,2357735,526,306,1400,302,4.250137,0
2026-02-25,14:02:05.671815,2358820,532,305,1401,299,4.2525,0
2026-02-25,14:02:11.187142,2359972,541,311,1400,318,4.250137,0
2026-02-25,14:02:11.187142,2361058,536,305,1401,301,4.247775,0
2026-02-25,14:02:11.187142,2362144,531,307,1404,300,4.2525,0
2026-02-25,14:02:11.187142,2363229,548,312,1401,317,4.250137,0
2026-02-25,14:02:11.187142,2364314,553,312,1399,320,4.247775,0
2026-02-25,14:02:16.673395,2365453,546,312,1399,321,4.250137,0
2026-02-25,14:02:16.673395,2366538,559,310,1397,311,4.247775,0
2026-02-25,14:02:16.673395,2367623,529,305,1398,300,4.2525,0
2026-02-25,14:02:16.673395,2368710,531,309,1403,308,4.247775,0
2026-02-25,14:02:16.673395,2369795,526,312,1401,321,4.250137,0
2026-02-25,14:02:22.147782,2370938,529,314,1406,323,4.238325,0
2026-02-25,14:02:22.147782,2372024,528,306,1404,302,4.250137,0
2026-02-25,14:02:22.147782,2373109,528,305,1402,299,4.2525,0
2026-02-25,14:02:22.147782,2374194,526,310,1405,311,4.250137,0
2026-02-25,14:02:22.147782,2375281,529,312,1399,320,4.250137,0
2026-02-25,14:02:27.626473,2376414,529,306,1411,302,4.2525,0
2026-02-25,14:02:27.626473,2377498,528,311,1406,316,4.247775,0
2026-02-25,14:02:27.626473,2378583,532,311,1400,321,4.247775,0
2026-02-25,14:02:27.626473,2379668,525,308,1409,311,4.250137,0
2026-02-25,14:02:27.626473,2380753,528,305,1405,299,4.250137,0
2026-02-25,14:02:33.094594,2381893,530,305,1404,300,4.250137,0
2026-02-25,14:02:33.094594,2382978,531,307,1406,302,4.250137,0
2026-02-25,14:02:33.094594,2384065,528,312,1399,320,4.250137,0
2026-02-25,14:02:33.094594,2385150,526,310,1405,316,4.250137,0
2026-02-25,14:02:33.094594,2386235,528,306,1407,301,4.2525,0
2026-02-25,14:02:38.612248,2387368,529,311,1402,321,4.247775,0
2026-02-25,14:02:38.612248,2388453,532,309,1401,314,4.250137,0
2026-02-25,14:02:38.612248,2389538,531,306,1404,300,4.247775,0
2026-02-25,14:02:38.612248,2390624,532,308,1409,306,4.247775,0
2026-02-25,14:02:38.612248,2391709,529,314,1402,320,4.245413,0
2026-02-25,14:02:44.074856,2392879,529,305,1404,301,4.250137,0
2026-02-25,14:02:44.074856,2393964,530,305,1408,299,4.247775,0
2026-02-25,14:02:44.074856,2395049,528,310,1409,312,4.2525,0
2026-02-25,14:02:44.074856,2396135,527,312,1405,320,4.247775,0
2026-02-25,14:02:44.074856,2397219,528,310,1400,316,4.247775,0
2026-02-25,14:02:49.552042,2398352,532,311,1409,311,4.245413,0
2026-02-25,14:02:49.552042,2399438,530,312,1402,321,4.245413,0
2026-02-25,14:02:49.552042,2400523,530,307,1401,310,4.245413,0
2026-02-25,14:02:49.552042,2401608,530,306,1404,299,4.247775,0
2026-02-25,14:02:49.552042,2402695,524,309,1406,308,4.245413,0
2026-02-25,14:02:55.029107,2403828,530,306,1404,301,4.245413,0
2026-02-25,14:02:55.029107,2404913,531,306,1404,299,4.250137,0
2026-02-25,14:02:55.029107,2406000,531,315,1409,321,4.231237,0
2026-02-25,14:02:55.029107,2407085,42,293,804,303,59.90119,0
2026-02-25,14:02:55.029107,2408170,18,288,780,291,59.92009,0
2026-02-25,14:03:00.523494,2409304,30,293,770,301,59.92718,0
2026-02-25,14:03:00.523494,2410389,22,291,766,298,59.9319,0
2026-02-25,14:03:00.523494,2411474,24,286,766,282,59.94135,0
2026-02-25,14:03:00.523494,2412561,17,286,773,280,59.94844,0
2026-02-25,14:03:00.523494,2413646,17,291,768,297,59.95553,0
2026-02-25,14:03:05.980659,2414792,13,291,769,299,59.95553,0
2026-02-25,14:03:05.980659,2415877,7,284,769,281,59.95789,0
2026-02-25,14:03:05.980659,2416961,8,284,777,278,59.96261,0
2026-02-25,14:03:05.980659,2418045,9,289,780,286,59.95316,0
2026-02-25,14:03:05.980659,2419130,3,292,764,296,59.96734,0
2026-02-25,14:03:11.468268,2420262,5,283,768,279,59.97206,0
2026-02-25,14:03:11.468268,2421347,8,286,767,283,59.97915,0
2026-02-25,14:03:11.468268,2422431,6,291,763,295,59.98151,0
2026-02-25,14:03:11.468268,2423515,8,291,750,300,59.96261,0
2026-02-25,14:03:11.468268,2424599,14,292,764,298,59.9508,0
2026-02-25,14:03:16.936402,2425742,52,286,766,286,59.92953,0
2026-02-25,14:03:16.936402,2426827,15,285,771,279,59.96734,0
2026-02-25,14:03:16.936402,2427913,28,290,761,297,59.92481,0
2026-02-25,14:03:16.936402,2428998,31,291,761,298,59.92718,0
2026-02-25,14:03:16.936402,2430084,2,285,758,284,59.98861,0
2026-02-25,14:03:22.437789,2431217,-7,290,758,300,59.98624,0
2026-02-25,14:03:22.437789,2432303,-1,288,744,290,59.98861,0
2026-02-25,14:03:22.437789,2433389,2,283,763,277,59.99096,0
2026-02-25,14:03:22.437789,2434475,-6,289,760,290,59.99332,0
2026-02-25,14:03:22.437789,2435561,-2,291,764,299,59.98861,0
2026-02-25,14:03:27.900419,2436707,0,285,754,284,59.99332,0
2026-02-25,14:03:27.900419,2437791,0,283,760,278,59.99569,0
2026-02-25,14:03:27.900419,2438875,4,284,755,277,59.98861,0
2026-02-25,14:03:27.900419,2439959,-16,291,764,292,59.99096,0
2026-02-25,14:03:27.900419,2441047,-3,290,754,298,59.99569,0
2026-02-25,14:03:33.390818,2442189,-3,288,752,292,59.99096,0
2026-02-25,14:03:33.390818,2443277,-1,283,748,278,59.99569,0
2026-02-25,14:03:33.390818,2444363,-1,292,753,297,60.00041,0
2026-02-25,14:03:33.390818,2445450,-10,290,753,297,59.99332,0
2026-02-25,14:03:33.390818,2446539,-11,283,764,277,59.99569,0
2026-02-25,14:03:38.913118,2447674,-8,288,750,291,59.99805,0
2026-02-25,14:03:38.913118,2448760,-7,282,759,276,59.99805,0
2026-02-25,14:03:38.913118,2449847,-3,290,748,296,59.99805,0
2026-02-25,14:03:38.913118,2450933,-13,290,756,298,59.99805,0
2026-02-25,14:03:38.913118,2452021,-3,283,756,276,59.99805,0
2026-02-25,14:03:44.378258,2453186,-3,286,760,281,59.99569,0
2026-02-25,14:03:44.378258,2454272,-1,291,751,298,59.99569,0
2026-02-25,14:03:44.378258,2455360,-7,285,754,287,60.00041,0
2026-02-25,14:03:44.378258,2456446,-4,282,755,278,60.00041,0
2026-02-25,14:03:44.378258,2457532,1,289,762,292,60.00041,0
2026-02-25,14:03:49.863898,2458666,-15,282,767,276,60.00278,0
2026-02-25,14:03:49.863898,2459752,-4,288,751,284,60.00278,0
2026-02-25,14:03:49.863898,2460838,-4,290,751,300,60.00041,0
2026-02-25,14:03:49.863898,2461925,-5,285,750,282,60.00278,0
2026-02-25,14:03:49.863898,2463012,0,283,757,279,60.00041,0
2026-02-25,14:03:55.343148,2464143,-14,289,751,296,60.00041,0
2026-02-25,14:03:55.343148,2465231,-10,283,750,277,60.00041,0
2026-02-25,14:03:55.343148,2466318,-9,289,753,293,60.00041,0
2026-02-25,14:03:55.343148,2467404,-16,294,752,302,60.00041,0
2026-02-25,14:03:55.343148,2468491,-2,286,744,276,60.00278,0
2026-02-25,14:04:00.820153,2469625,-9,291,748,298,59.99805,0
2026-02-25,14:04:00.820153,2470713,4,283,765,278,60.00041,0
2026-02-25,14:04:00.820153,2471797,-3,283,755,277,60.00278,0
2026-02-25,14:04:00.820153,2472883,-2,290,758,296,60.00514,0
2026-02-25,14:04:00.820153,2473971,-4,287,752,293,60.00278,0
2026-02-25,14:04:06.298630,2475105,-14,289,748,296,60.00041,0
2026-02-25,14:04:06.298630,2476192,-16,291,748,296,60.00278,0
2026-02-25,14:04:06.298630,2477281,0,283,755,278,60.00041,0
2026-02-25,14:04:06.298630,2478365,-7,285,762,283,60.00278,0
2026-02-25,14:04:06.298630,2479451,-13,292,747,298,60.00514,0
2026-02-25,14:04:11.784101,2480587,-3,287,747,286,60.00041,0
2026-02-25,14:04:11.784101,2481673,-4,290,746,298,59.99332,0
2026-02-25,14:04:11.784101,2482761,-2,287,739,285,59.99805,0
2026-02-25,14:04:11.784101,2483847,5,283,754,279,60.00278,0
2026-02-25,14:04:11.784101,2484931,-2,288,746,289,59.99569,0
2026-02-25,14:04:17.265307,2486065,-7,282,746,277,60.00041,0
2026-02-25,14:04:17.265307,2487151,-1,287,757,283,60.00278,0
2026-02-25,14:04:17.265307,2488237,-3,291,754,298,60.00278,0
2026-02-25,14:04:17.265307,2489323,-4,288,747,293,60.00278,0
2026-02-25,14:04:17.265307,2490410,-5,282,757,276,60.00041,0
2026-02-25,14:04:22.738639,2491544,-11,290,744,296,59.95789,0
2026-02-25,14:04:22.738639,2492632,13,283,753,274,59.95789,0
2026-02-25,14:04:22.738639,2493717,34,284,753,285,60.00514,0
2026-02-25,14:04:22.738639,2494802,-2,290,751,298,59.96261,0
2026-02-25,14:04:22.738639,2495890,37,289,750,290,59.98861,0
2026-02-25,14:04:28.212172,2497023,13,287,751,295,59.99569,0
2026-02-25,14:04:28.212172,2498108,5,290,746,298,59.99332,0
2026-02-25,14:04:28.212172,2499194,56,283,761,284,60.01223,0
2026-02-25,14:04:28.212172,2500279,6,283,749,278,60.00986,0
2026-02-25,14:04:28.212172,2501363,-23,286,753,281,60.01459,0
2026-02-25,14:04:33.709147,2502501,55,286,755,276,59.96734,0
2026-02-25,14:04:33.709147,2503586,-6,285,757,283,60.0075,0
2026-02-25,14:04:33.709147,2504672,-8,291,751,298,60.00514,0
2026-02-25,14:04:33.709147,2505759,-17,283,754,283,60.00278,0
2026-02-25,14:04:33.709147,2506846,-7,283,753,278,60.0075,0
2026-02-25,14:04:39.208902,2507983,-3,283,746,278,60.00278,0
2026-02-25,14:04:39.208902,2509069,-9,285,760,281,60.00514,0
2026-02-25,14:04:39.208902,2510155,-8,291,752,298,60.00514,0
2026-02-25,14:04:39.208902,2511243,-10,285,744,288,60.00514,0
2026-02-25,14:04:39.208902,2512330,-8,282,750,276,59.98388,0
2026-02-25,14:04:44.679245,2513482,49,292,747,298,60.00041,0
2026-02-25,14:04:44.679245,2514568,48,285,753,279,59.95789,0
2026-02-25,14:04:44.679245,2515653,42,283,759,277,59.93663,0
2026-02-25,14:04:44.679245,2516738,11,288,752,292,59.9508,0
2026-02-25,14:04:44.679245,2517825,51,289,745,298,59.9697,0
2026-02-25,14:04:50.169484,2518957,-11,285,764,273,59.96734,0
2026-02-25,14:04:50.169484,2520044,51,292,755,299,59.94844,0
2026-02-25,14:04:50.169484,2521129,-34,290,750,295,59.99332,0
2026-02-25,14:04:50.169484,2522216,42,283,749,277,59.98861,0
2026-02-25,14:04:50.169484,2523301,8,285,747,281,60.00514,0
2026-02-25,14:04:55.630203,2524445,11,289,751,293,59.96498,0
2026-02-25,14:04:55.630203,2525530,30,288,745,299,60.00986,0
2026-02-25,14:04:55.630203,2526617,62,283,755,282,59.96498,0
2026-02-25,14:04:55.630203,2527702,48,282,759,276,59.99569,0
2026-02-25,14:04:55.630203,2528787,25,288,754,286,59.94371,0
2026-02-25,14:05:01.146187,2529920,12,281,756,279,60.00986,0
2026-02-25,14:05:01.146187,2531005,-3,283,748,276,59.9697,0
2026-02-25,14:05:01.146187,2532091,63,289,753,294,59.97206,0
2026-02-25,14:05:01.146187,2533177,51,290,736,297,59.9697,0
2026-02-25,14:05:01.146187,2534262,-12,284,742,280,59.97443,0
2026-02-25,14:05:06.616368,2535420,18,289,749,297,59.93898,0
2026-02-25,14:05:06.616368,2536505,3,284,751,282,60.00041,0
2026-02-25,14:05:06.616368,2537589,-24,283,752,277,59.97443,0
2026-02-25,14:05:06.616368,2538676,-16,292,747,296,59.94844,0
2026-02-25,14:05:06.616368,2539763,71,290,740,295,59.92481,0
2026-02-25,14:05:12.098032,2540905,3,288,749,292,59.99332,0
2026-02-25,14:05:12.098032,2541991,10,283,757,277,59.99569,0
2026-02-25,14:05:12.098032,2543076,56,285,766,281,59.93663,0
2026-02-25,14:05:12.098032,2544161,-12,289,751,297,59.99569,0
2026-02-25,14:05:12.098032,2545250,60,288,738,287,59.93427,0
2026-02-25,14:05:17.573447,2546383,-36,291,762,296,59.98388,0
2026-02-25,14:05:17.573447,2547470,7,284,753,294,59.99805,0
2026-02-25,14:05:17.573447,2548556,33,280,754,278,59.98151,0
2026-02-25,14:05:17.573447,2549641,0,284,753,278,59.97679,0
2026-02-25,14:05:17.573447,2550725,54,292,758,291,59.93663,0
2026-02-25,14:05:23.061167,2551859,27,281,753,276,59.98388,0
2026-02-25,14:05:23.061167,2552944,68,286,745,283,59.95553,0
2026-02-25,14:05:23.061167,2554029,60,291,745,299,59.94135,0
2026-02-25,14:05:23.061167,2555116,14,287,750,291,60.0075,0
2026-02-25,14:05:23.061167,2556201,-7,283,758,277,60.00986,0
2026-02-25,14:05:28.537150,2557336,-21,288,744,293,59.96025,0
2026-02-25,14:05:28.537150,2558424,-9,286,760,276,60.00514,0
2026-02-25,14:05:28.537150,2559510,-15,286,757,285,60.00514,0
2026-02-25,14:05:28.537150,2560597,-6,291,745,298,60.00278,0
2026-02-25,14:05:28.537150,2561683,-20,284,758,284,60.00514,0
2026-02-25,14:05:34.036460,2562831,-8,285,762,280,60.00514,0
2026-02-25,14:05:34.036460,2563919,-11,291,750,299,60.00278,0
2026-02-25,14:05:34.036460,2565006,-14,284,756,285,60.00514,0
2026-02-25,14:05:34.036460,2566093,-7,283,758,278,60.00278,0
2026-02-25,14:05:34.036460,2567181,-21,290,758,298,60.00514,0
2026-02-25,14:05:39.533327,2568316,-7,284,759,278,60.00514,0
2026-02-25,14:05:39.533327,2569402,-16,291,764,297,60.00278,0
2026-02-25,14:05:39.533327,2570489,-10,289,753,292,60.00514,0
2026-02-25,14:05:39.533327,2571576,-5,282,754,277,60.00514,0
2026-02-25,14:05:39.533327,2572662,-10,288,766,291,60.00514,0
2026-02-25,14:05:45.012756,2573818,-13,283,758,276,60.00514,0
2026-02-25,14:05:45.012756,2574905,-12,290,749,294,60.00278,0
2026-02-25,14:05:45.012756,2575993,-15,288,749,291,60.00278,0
2026-02-25,14:05:45.012756,2577080,-14,283,755,277,60.00278,0
2026-02-25,14:05:45.012756,2578168,-14,290,754,295,60.00278,0
2026-02-25,14:05:50.495387,2579304,-12,285,762,278,60.00514,0
2026-02-25,14:05:50.495387,2580391,-17,290,761,299,60.00278,0
2026-02-25,14:05:50.495387,2581478,-19,289,753,292,60.00278,0
2026-02-25,14:05:50.495387,2582566,-4,284,765,277,60.00514,0
2026-02-25,14:05:50.495387,2583652,-23,289,755,296,60.00514,0
2026-02-25,14:05:56.010955,2584787,-12,283,756,277,60.00514,0
2026-02-25,14:05:56.010955,2585874,-17,291,756,297,60.00278,0
2026-02-25,14:05:56.010955,2586961,-17,288,747,293,60.0075,0
2026-02-25,14:05:56.010955,2588050,-5,283,763,278,60.00278,0
2026-02-25,14:05:56.010955,2589136,-14,290,754,296,60.00514,0
2026-02-25,14:06:01.538194,2590321,-12,292,753,299,60.00278,0
2026-02-25,14:06:01.538194,2591408,-9,283,757,279,60.00514,0
2026-02-25,14:06:01.538194,2592494,-12,285,749,277,60.00514,0
2026-02-25,14:06:01.538194,2593583,-15,290,749,299,60.00514,0
2026-02-25,14:06:01.538194,2594670,-8,283,750,280,60.00514,0
2026-02-25,14:06:07.010343,2595816,-9,285,757,280,60.00514,0
2026-02-25,14:06:07.010343,2596902,-13,291,761,297,60.00514,0
2026-02-25,14:06:07.010343,2597989,-18,288,749,293,60.00278,0
2026-02-25,14:06:07.010343,2599076,-6,283,755,276,60.00514,0
2026-02-25,14:06:07.010343,2600164,-15,289,756,295,60.00278,0
2026-02-25,14:06:12.504756,2601299,-11,283,762,275,60.00278,0
2026-02-25,14:06:12.504756,2602388,-21,290,748,299,60.00278,0
2026-02-25,14:06:12.504756,2603475,-11,286,747,291,60.00514,0
2026-02-25,14:06:12.504756,2604562,-17,283,753,275,60.00514,0
2026-02-25,14:06:12.504756,2605649,-18,293,754,298,60.00514,0
2026-02-25,14:06:17.981205,2606785,-13,284,761,276,60.0075,0
2026-02-25,14:06:17.981205,2607872,-12,290,756,297,60.00278,0
2026-02-25,14:06:17.981205,2608961,-19,287,753,290,60.0075,0
2026-02-25,14:06:17.981205,2610048,-15,283,764,276,60.0075,0
2026-02-25,14:06:17.981205,2611135,-9,290,750,294,60.0075,0
2026-02-25,14:06:23.483396,2612270,-21,285,762,275,60.0075,0
2026-02-25,14:06:23.483396,2613358,-17,289,752,296,60.0075,0
2026-02-25,14:06:23.483396,2614445,-12,289,755,295,60.0075,0
2026-02-25,14:06:23.483396,2615533,-10,283,747,276,60.0075,0
2026-02-25,14:06:23.483396,2616621,-23,289,748,296,60.0075,0
2026-02-25,14:06:28.982184,2617763,-16,291,747,298,60.00514,0
2026-02-25,14:06:28.982184,2618850,-17,286,759,290,60.0075,0
2026-02-25,14:06:28.982184,2619937,-22,282,768,276,60.0075,0
2026-02-25,14:06:28.982184,2621026,-13,290,744,298,60.0075,0
2026-02-25,14:06:28.982184,2622113,-16,285,750,287,60.0075,0
2026-02-25,14:06:34.460219,2623263,-20,291,753,290,60.00986,0
2026-02-25,14:06:34.460219,2624351,-21,290,748,298,60.00514,0
2026-02-25,14:06:34.460219,2625438,-12,284,754,276,60.0075,0
2026-02-25,14:06:34.460219,2626525,-21,286,759,285,60.00514,0
2026-02-25,14:06:34.460219,2627614,-23,288,748,296,60.0075,0
2026-02-25,14:06:39.968354,2628749,-14,289,752,298,60.0075,0
2026-02-25,14:06:39.968354,2629837,-18,285,748,287,60.00514,0
2026-02-25,14:06:39.968354,2630925,-14,283,767,276,60.0075,0
2026-02-25,14:06:39.968354,2632012,-23,290,753,299,60.0075,0
2026-02-25,14:06:39.968354,2633099,-22,285,758,289,60.0075,0
2026-02-25,14:06:45.498495,2634252,-17,291,754,297,60.00514,0
2026-02-25,14:06:45.498495,2635339,-16,288,751,293,60.0075,0
2026-02-25,14:06:45.498495,2636428,-18,282,751,277,60.0075,0
2026-02-25,14:06:45.498495,2637515,-13,289,753,298,60.00986,0
2026-02-25,14:06:45.498495,2638602,-15,288,747,292,60.0075,0
2026-02-25,14:06:50.990015,2639780,-10,290,750,299,60.00514,0
2026-02-25,14:06:50.990015,2640867,-9,283,759,279,60.0075,0
2026-02-25,14:06:50.990015,2641954,-18,284,756,282,60.0075,0
2026-02-25,14:06:50.990015,2643042,-19,291,744,298,60.0075,0
2026-02-25,14:06:50.990015,2644128,-25,284,747,287,60.0075,0
2026-02-25,14:06:56.459515,2645270,-14,284,757,283,60.00986,0
2026-02-25,14:06:56.459515,2646357,-17,283,758,278,60.00986,0
2026-02-25,14:06:56.459515,2647445,-18,290,755,299,60.0075,0
2026-02-25,14:06:56.459515,2648532,-26,284,758,281,60.0075,0
2026-02-25,14:06:56.459515,2649620,-18,283,751,278,60.00514,0
2026-02-25,14:07:01.981648,2650755,-22,282,741,278,60.00514,0
2026-02-25,14:07:01.981648,2651842,-17,287,757,282,60.00986,0
2026-02-25,14:07:01.981648,2652929,-17,290,755,299,60.0075,0
2026-02-25,14:07:01.981648,2654018,-22,282,749,276,60.0075,0
2026-02-25,14:07:01.981648,2655105,-23,286,763,285,60.0075,0
2026-02-25,14:07:07.463648,2656263,-25,286,760,277,60.0075,0
2026-02-25,14:07:07.463648,2657350,-27,290,751,299,60.0075,0
2026-02-25,14:07:07.463648,2658437,-27,286,742,288,60.0075,0
2026-02-25,14:07:07.463648,2659526,-12,285,755,280,60.0075,0
2026-02-25,14:07:07.463648,2660613,-23,290,747,299,60.0075,0
2026-02-25,14:07:12.954310,2661751,-21,289,758,295,60.00986,0
2026-02-25,14:07:12.954310,2662840,-18,287,756,290,60.0075,0
2026-02-25,14:07:12.954310,2663928,-16,283,764,277,60.0075,0
2026-02-25,14:07:12.954310,2665015,-24,291,757,297,60.00514,0
2026-02-25,14:07:12.954310,2666103,-26,284,750,287,60.0075,0
2026-02-25,14:07:18.442291,2667239,-20,291,751,300,60.0075,0
2026-02-25,14:07:18.442291,2668326,-18,284,752,280,60.00986,0
2026-02-25,14:07:18.442291,2669413,-13,286,765,279,60.00514,0
2026-02-25,14:07:18.442291,2670500,-15,290,747,299,60.00514,0
2026-02-25,14:07:18.442291,2671587,-16,284,752,284,60.0075,0
2026-02-25,14:07:23.921345,2672728,-23,285,755,285,60.0075,0
2026-02-25,14:07:23.921345,2673815,-18,284,761,277,60.0075,0
2026-02-25,14:07:23.921345,2674903,-23,290,756,298,60.0075,0
2026-02-25,14:07:23.921345,2675990,-17,283,756,281,60.00986,0
2026-02-25,14:07:23.921345,2677078,-19,283,761,279,60.00986,0
2026-02-25,14:07:29.421767,2678214,-26,283,758,275,60.00986,0
2026-02-25,14:07:29.421767,2679302,-17,288,774,289,60.00986,0
2026-02-25,14:07:29.421767,2680389,-22,290,752,298,60.0075,0
2026-02-25,14:07:29.421767,2681478,-22,282,753,276,60.00986,0
2026-02-25,14:07:29.421767,2682565,-17,289,762,290,60.00986,0
2026-02-25,14:07:34.924210,2683706,-29,289,759,291,60.00514,0
2026-02-25,14:07:34.924210,2684793,-23,291,755,297,60.0075,0
2026-02-25,14:07:34.924210,2685880,-17,282,764,275,60.00986,0
2026-02-25,14:07:34.924210,2686969,-17,289,763,295,60.00986,0
2026-02-25,14:07:34.924210,2688056,-15,292,766,300,60.0075,0
2026-02-25,14:07:40.400342,2689207,-14,286,759,283,60.0075,0
2026-02-25,14:07:40.400342,2690294,-30,290,753,299,60.0075,0
2026-02-25,14:07:40.400342,2691381,-19,284,750,281,60.00514,0
2026-02-25,14:07:40.400342,2692468,-14,284,758,279,60.00986,0
2026-02-25,14:07:40.400342,2693557,-20,290,744,298,60.00986,0
2026-02-25,14:07:45.915870,2694692,-16,288,758,288,60.0075,0
2026-02-25,14:07:45.915870,2695781,-20,288,753,294,60.00986,0
2026-02-25,14:07:45.915870,2696868,-19,282,759,276,60.00986,0
2026-02-25,14:07:45.915870,2697955,-22,288,770,289,60.00986,0
2026-02-25,14:07:45.915870,2699043,-20,292,746,302,60.00986,0
2026-02-25,14:07:51.415629,2700198,-26,289,754,293,60.0075,0
2026-02-25,14:07:51.415629,2701285,-26,289,759,297,60.00986,0
2026-02-25,14:07:51.415629,2702374,-13,283,755,277,60.00986,0
2026-02-25,14:07:51.415629,2703461,-21,291,757,295,60.00514,0
2026-02-25,14:07:51.415629,2704548,-20,291,752,296,60.00514,0
2026-02-25,14:07:56.944258,2705713,-22,291,757,296,60.0075,0
2026-02-25,14:07:56.944258,2706800,-22,292,753,296,60.00278,0
2026-02-25,14:07:56.944258,2707889,-19,289,759,296,60.00278,0
2026-02-25,14:07:56.944258,2708976,-19,291,761,295,60.00514,0
2026-02-25,14:07:56.944258,2710063,-22,289,763,296,60.00278,0
2026-02-25,14:08:02.466103,2711243,-19,292,756,296,60.00278,0
2026-02-25,14:08:02.466103,2712330,-14,292,751,296,60.00514,0
2026-02-25,14:08:02.466103,2713419,-13,291,756,295,60.00278,0
2026-02-25,14:08:02.466103,2714506,-16,290,754,295,60.00278,0
2026-02-25,14:08:02.466103,2715593,-25,291,764,294,60.00514,0
2026-02-25,14:08:07.999772,2716804,-21,290,761,295,60.00514,0
2026-02-25,14:08:07.999772,2717891,-15,291,744,296,60.00278,0
2026-02-25,14:08:07.999772,2718978,-19,291,757,295,60.00278,0
2026-02-25,14:08:07.999772,2720065,-24,290,758,295,60.00514,0
2026-02-25,14:08:07.999772,2721152,-15,291,749,295,60.00278,0
2026-02-25,14:08:13.474244,2722289,-20,291,755,295,60.00278,0
2026-02-25,14:08:13.474244,2723376,-22,290,758,295,60.00514,0
2026-02-25,14:08:13.474244,2724465,-15,291,757,295,60.0075,0
2026-02-25,14:08:13.474244,2725552,-26,290,762,295,60.00514,0
2026-02-25,14:08:13.474244,2726639,-16,290,753,295,60.00514,0
2026-02-25,14:08:18.997949,2727776,-26,291,758,295,60.00514,0
2026-02-25,14:08:18.997949,2728863,-23,289,764,295,60.00514,0
2026-02-25,14:08:18.997949,2729950,-24,288,756,295,60.00514,0
2026-02-25,14:08:18.997949,2731039,-23,291,754,295,60.00278,0
2026-02-25,14:08:18.997949,2732126,-19,291,756,295,60.00514,0
2026-02-25,14:08:24.512278,2733285,-18,288,753,295,60.00278,0
2026-02-25,14:08:24.512278,2734372,-29,290,762,295,60.00514,0
2026-02-25,14:08:24.512278,2735459,-22,290,753,295,60.00278,0
2026-02-25,14:08:24.512278,2736548,-18,291,757,295,60.00278,0
2026-02-25,14:08:24.512278,2737635,-26,290,753,295,60.00278,0
2026-02-25,14:08:30.021638,2738800,-28,291,758,295,60.00514,0
2026-02-25,14:08:30.021638,2739888,-17,285,755,295,60.00278,0
2026-02-25,14:08:30.021638,2740975,-22,290,761,295,60.00514,0
2026-02-25,14:08:30.021638,2742063,-21,291,756,296,60.00514,0
2026-02-25,14:08:30.021638,2743150,-16,290,751,294,60.00514,0
2026-02-25,14:08:35.504863,2744319,-22,291,758,296,60.00278,0
2026-02-25,14:08:35.504863,2745406,-19,289,753,295,60.00278,0
2026-02-25,14:08:35.504863,2746493,-22,290,748,295,60.00514,0
2026-02-25,14:08:35.504863,2747580,-22,289,764,295,60.00041,0
2026-02-25,14:08:35.504863,2748668,-20,290,739,295,60.00278,0
2026-02-25,14:08:41.011862,2749803,-32,290,751,295,60.00514,0
2026-02-25,14:08:41.011862,2750891,-15,291,751,295,60.00278,0
2026-02-25,14:08:41.011862,2751979,-24,291,759,294,60.00514,0
2026-02-25,14:08:41.011862,2753066,-29,291,755,294,60.00514,0
2026-02-25,14:08:41.011862,2754154,-23,290,755,295,60.00514,0
2026-02-25,14:08:46.510578,2755298,-28,290,752,295,60.00514,0
2026-02-25,14:08:46.510578,2756385,-28,290,752,294,60.00041,0
2026-02-25,14:08:46.510578,2757473,-23,290,740,295,60.00278,0
2026-02-25,14:08:46.510578,2758560,-26,291,747,294,60.00278,0
2026-02-25,14:08:46.510578,2759647,-24,289,757,294,60.00278,0
2026-02-25,14:08:52.032351,2760816,-31,291,758,294,59.95789,0
2026-02-25,14:08:52.032351,2761904,18,287,761,293,60.0075,0
2026-02-25,14:08:52.032351,2762990,-23,291,762,292,59.95316,0
2026-02-25,14:08:52.032351,2764077,-27,289,757,294,59.97206,0
2026-02-25,14:08:52.032351,2765164,-21,290,749,291,59.95553,0
2026-02-25,14:08:57.499020,2766319,-4,289,761,295,59.98151,0
2026-02-25,14:08:57.499020,2767405,30,290,746,295,59.9508,0
2026-02-25,14:08:57.499020,2768491,37,289,761,295,59.99332,0
2026-02-25,14:08:57.499020,2769576,-3,290,758,295,59.94135,0
2026-02-25,14:08:57.499020,2770662,-2,289,762,294,60.02168,0
2026-02-25,14:09:03.016960,2771796,-11,291,749,292,59.97915,0
2026-02-25,14:09:03.016960,2772883,-39,289,764,296,59.96498,0
2026-02-25,14:09:03.016960,2773971,-35,291,752,295,60.00278,0
2026-02-25,14:09:03.016960,2775059,-25,290,754,295,60.0075,0
2026-02-25,14:09:03.016960,2776146,-13,291,764,295,60.00278,0
2026-02-25,14:09:08.521646,2777306,-18,289,749,295,60.00278,0
2026-02-25,14:09:08.521646,2778393,-25,291,754,296,60.00278,0
2026-02-25,14:09:08.521646,2779480,-26,290,754,295,60.00514,0
2026-02-25,14:09:08.521646,2780569,-24,291,758,295,60.00514,0
2026-02-25,14:09:08.521646,2781656,-22,290,751,295,60.00514,0
2026-02-25,14:09:13.996132,2782809,-22,290,743,294,60.00041,0
2026-02-25,14:09:13.996132,2783896,-23,291,756,296,60.00278,0
2026-02-25,14:09:13.996132,2784983,-12,289,763,296,60.00278,0
2026-02-25,14:09:13.996132,2786070,-21,290,759,296,60.00514,0
2026-02-25,14:09:13.996132,2787159,-25,286,750,295,60.00514,0
2026-02-25,14:09:19.489467,2788295,-20,291,755,295,60.00514,0
2026-02-25,14:09:19.489467,2789383,-33,289,760,295,60.00278,0
2026-02-25,14:09:19.489467,2790471,-21,290,771,297,60.0075,0
2026-02-25,14:09:19.489467,2791558,-22,288,748,292,60.00986,0
2026-02-25,14:09:19.489467,2792645,-25,283,757,276,60.0075,0
2026-02-25,14:09:25.004154,2793786,-25,282,755,277,60.0075,0
2026-02-25,14:09:25.004154,2794873,-26,290,756,295,60.0075,0
2026-02-25,14:09:25.004154,2795962,-21,287,747,291,60.0075,0
2026-02-25,14:09:25.004154,2797049,-20,282,755,276,60.00986,0
2026-02-25,14:09:25.004154,2798136,-22,289,759,295,60.00986,0
2026-02-25,14:09:30.508874,2799295,-21,288,755,287,60.0075,0
2026-02-25,14:09:30.508874,2800383,-18,292,757,298,60.0075,0
2026-02-25,14:09:30.508874,2801471,-17,282,758,276,60.01223,0
2026-02-25,14:09:30.508874,2802558,-21,287,756,286,60.00986,0
2026-02-25,14:09:30.508874,2803646,-27,290,753,298,60.0075,0
2026-02-25,14:09:35.997927,2804812,-21,283,761,280,60.0075,0
2026-02-25,14:09:35.997927,2805899,-19,284,759,278,60.0075,0
2026-02-25,14:09:35.997927,2806988,-30,290,749,299,60.0075,0
2026-02-25,14:09:35.997927,2808075,-25,282,756,281,60.0075,0
2026-02-25,14:09:35.997927,2809162,-15,285,765,280,60.0075,0
2026-02-25,14:09:41.492309,2810297,-25,283,759,279,60.0075,0
2026-02-25,14:09:41.492309,2811384,-17,285,769,282,60.0075,0
2026-02-25,14:09:41.492309,2812471,9,291,752,299,59.99332,0
2026-02-25,14:09:41.492309,2813557,19,287,754,288,60.01223,0
2026-02-25,14:09:41.492309,2814642,-14,282,765,276,59.95316,0
2026-02-25,14:09:47.022840,2815779,2,290,754,293,60.0075,0
2026-02-25,14:09:47.022840,2816863,-20,282,755,276,59.96261,0
2026-02-25,14:09:47.022840,2817951,-17,288,760,287,60.0075,0
2026-02-25,14:09:47.022840,2819037,-19,290,753,298,60.00514,0
2026-02-25,14:09:47.022840,2820125,-27,283,759,276,60.0075,0
2026-02-25,14:09:52.499171,2821310,-1,286,757,281,59.97679,0
2026-02-25,14:09:52.499171,2822397,-17,290,765,297,59.97915,0
2026-02-25,14:09:52.499171,2823484,-31,287,749,290,59.97206,0
2026-02-25,14:09:52.499171,2824571,-25,285,759,277,60.00514,0
2026-02-25,14:09:52.499171,2825660,-26,292,757,300,60.00278,0
2026-02-25,14:09:57.983932,2826795,-18,286,747,279,60.0075,0
2026-02-25,14:09:57.983932,2827884,-25,290,758,298,60.00278,0
2026-02-25,14:09:57.983932,2828971,-27,282,756,279,60.00514,0
2026-02-25,14:09:57.983932,2830058,-15,284,765,281,60.00514,0
2026-02-25,14:09:57.983932,2831145,-22,289,761,299,60.00514,0
2026-02-25,14:10:03.465074,2832289,-21,289,758,297,60.0075,0
2026-02-25,14:10:03.465074,2833376,-20,283,748,275,60.00514,0
2026-02-25,14:10:03.465074,2834465,297,305,1233,311,10.38319,0
2026-02-25,14:10:03.465074,2835551,475,310,1349,317,6.423638,0
2026-02-25,14:10:03.465074,2836636,484,305,1366,299,5.006137,0
2026-02-25,14:10:08.963876,2837770,485,311,1368,318,4.398975,0
2026-02-25,14:10:08.963876,2838855,486,307,1375,305,4.278487,0
2026-02-25,14:10:08.963876,2839940,490,304,1378,296,4.276125,0
2026-02-25,14:10:08.963876,2841027,489,310,1377,313,4.2714,0
2026-02-25,14:10:08.963876,2842112,492,311,1373,319,4.2714,0
2026-02-25,14:10:14.475553,2843255,493,311,1378,317,4.2714,0
2026-02-25,14:10:14.475553,2844340,494,305,1380,300,4.2714,0
2026-02-25,14:10:14.475553,2845425,496,304,1384,297,4.269038,0
2026-02-25,14:10:14.475553,2846511,497,311,1382,315,4.269038,0
2026-02-25,14:10:14.475553,2847596,495,312,1375,319,4.269038,0
2026-02-25,14:10:19.950451,2848775,493,312,1379,320,4.264312,0
2026-02-25,14:10:19.950451,2849860,495,311,1382,314,4.266675,0
2026-02-25,14:10:19.950451,2850945,499,304,1380,299,4.266675,0
2026-02-25,14:10:19.950451,2852030,505,307,1388,301,4.257225,0
2026-02-25,14:10:19.950451,2853116,499,310,1384,314,4.266675,0
2026-02-25,14:10:25.445292,2854249,501,304,1385,296,4.266675,0
2026-02-25,14:10:25.445292,2855336,504,309,1386,306,4.266675,0
2026-02-25,14:10:25.445292,2856421,498,312,1375,320,4.266675,0
2026-02-25,14:10:25.445292,2857506,498,310,1379,315,4.264312,0
2026-02-25,14:10:25.445292,2858591,499,304,1383,297,4.264312,0
2026-02-25,14:10:30.908203,2859737,503,306,1386,303,4.264312,0
2026-02-25,14:10:30.908203,2860822,499,313,1385,319,4.26195,0
2026-02-25,14:10:30.908203,2861909,500,309,1387,312,4.264312,0
2026-02-25,14:10:30.908203,2862994,505,304,1384,296,4.266675,0
2026-02-25,14:10:30.908203,2864079,509,306,1387,298,4.264312,0
2026-02-25,14:10:36.391743,2865213,502,305,1386,301,4.264312,0
2026-02-25,14:10:36.391743,2866298,505,305,1391,297,4.26195,0
2026-02-25,14:10:36.391743,2867383,503,309,1393,306,4.26195,0
2026-02-25,14:10:36.391743,2868470,503,312,1388,321,4.26195,0
2026-02-25,14:10:36.391743,2869555,504,307,1383,309,4.264312,0
2026-02-25,14:10:41.870987,2870696,505,308,1384,311,4.26195,0
2026-02-25,14:10:41.870987,2871781,505,304,1391,297,4.26195,0
2026-02-25,14:10:41.870987,2872866,507,306,1393,299,4.26195,0
2026-02-25,14:10:41.870987,2873951,505,312,1393,318,4.26195,0
2026-02-25,14:10:41.870987,2875036,502,312,1388,319,4.26195,0
2026-02-25,14:10:47.370740,2876187,511,304,1394,298,4.264312,0
2026-02-25,14:10:47.370740,2877273,507,311,1389,318,4.259587,0
2026-02-25,14:10:47.370740,2878358,508,312,1389,318,4.26195,0
2026-02-25,14:10:47.370740,2879443,507,305,1392,302,4.26195,0
2026-02-25,14:10:47.370740,2880530,510,306,1391,299,4.26195,0
2026-02-25,14:10:52.867597,2881663,506,308,1389,311,4.26195,0
2026-02-25,14:10:52.867597,2882749,511,305,1392,301,4.250137,0
2026-02-25,14:10:52.867597,2883834,508,308,1391,306,4.259587,0
2026-02-25,14:10:52.867597,2884919,508,311,1390,319,4.26195,0
2026-02-25,14:10:52.867597,2886004,508,309,1391,314,4.26195,0
2026-02-25,14:10:58.523438,2887352,509,305,1391,297,4.26195,0
2026-02-25,14:10:58.523438,2888437,511,307,1397,303,4.26195,0
2026-02-25,14:10:58.523438,2889523,512,313,1389,320,4.259587,0
2026-02-25,14:10:58.523438,2890608,509,310,1389,315,4.259587,0
2026-02-25,14:10:58.523438,2891693,509,305,1392,298,4.26195,0
2026-02-25,14:11:04.030086,2892826,507,312,1390,321,4.259587,0
2026-02-25,14:11:04.030086,2893911,505,308,1393,312,4.259587,0
2026-02-25,14:11:04.030086,2894996,507,303,1394,296,4.26195,0
2026-02-25,14:11:04.030086,2896083,507,309,1391,305,4.26195,0
2026-02-25,14:11:04.030086,2897168,509,312,1390,320,4.259587,0
2026-02-25,14:11:09.492145,2898323,513,305,1395,299,4.259587,0
2026-02-25,14:11:09.492145,2899408,509,312,1393,316,4.26195,0
2026-02-25,14:11:09.492145,2900493,515,312,1385,319,4.259587,0
2026-02-25,14:11:09.492145,2901578,509,306,1387,306,4.259587,0
2026-02-25,14:11:09.492145,2902665,513,306,1393,298,4.259587,0
2026-02-25,14:11:14.985008,2903798,515,308,1391,313,4.259587,0
2026-02-25,14:11:14.985008,2904884,511,304,1393,296,4.259587,0
2026-02-25,14:11:14.985008,2905969,515,307,1396,301,4.259587,0
2026-02-25,14:11:14.985008,2907054,514,311,1396,317,4.257225,0
2026-02-25,14:11:14.985008,2908139,514,311,1389,319,4.257225,0
2026-02-25,14:11:20.448763,2909279,514,312,1388,319,4.259587,0
2026-02-25,14:11:20.448763,2910364,513,309,1391,310,4.259587,0
2026-02-25,14:11:20.448763,2911451,514,305,1395,297,4.259587,0
2026-02-25,14:11:20.448763,2912536,517,307,1389,304,4.259587,0
2026-02-25,14:11:20.448763,2913621,513,311,1387,319,4.259587,0
2026-02-25,14:11:25.941898,2914754,515,304,1394,296,4.259587,0
2026-02-25,14:11:25.941898,2915839,516,309,1389,304,4.259587,0
2026-02-25,14:11:25.941898,2916924,514,312,1389,320,4.257225,0
2026-02-25,14:11:25.941898,2918010,514,308,1388,309,4.259587,0
2026-02-25,14:11:25.941898,2919095,515,304,1392,296,4.259587,0
2026-02-25,14:11:31.406562,2920236,520,306,1395,300,4.247775,0
2026-02-25,14:11:31.406562,2921322,511,306,1391,303,4.259587,0
2026-02-25,14:11:31.406562,2922407,515,312,1391,319,4.259587,0
2026-02-25,14:11:31.406562,2923492,515,312,1386,318,4.259587,0
2026-02-25,14:11:31.406562,2924578,518,305,1395,297,4.259587,0
2026-02-25,14:11:36.907498,2925711,514,314,1384,322,4.257225,0
2026-02-25,14:11:36.907498,2926798,514,307,1391,302,4.259587,0
2026-02-25,14:11:36.907498,2927883,513,309,1391,302,4.257225,0
2026-02-25,14:11:36.907498,2928968,517,314,1386,310,4.257225,0
2026-02-25,14:11:36.907498,2930053,514,317,1389,324,4.257225,0
2026-02-25,14:11:42.377004,2931211,515,314,1396,314,4.257225,0
2026-02-25,14:11:42.377004,2932296,509,317,1391,325,4.259587,0
2026-02-25,14:11:42.377004,2933382,512,309,1388,309,4.259587,0
2026-02-25,14:11:42.377004,2934467,518,304,1394,296,4.259587,0
2026-02-25,14:11:42.377004,2935552,517,306,1393,301,4.259587,0
2026-02-25,14:11:47.861539,2936687,516,305,1395,300,4.259587,0
2026-02-25,14:11:47.861539,2937772,515,304,1394,297,4.259587,0
2026-02-25,14:11:47.861539,2938857,515,312,1391,309,4.257225,0
2026-02-25,14:11:47.861539,2939944,520,314,1395,323,4.24305,0
2026-02-25,14:11:47.861539,2941029,511,307,1389,309,4.254862,0
2026-02-25,14:11:53.325131,2942164,511,312,1389,320,4.254862,0
2026-02-25,14:11:53.325131,2943249,515,310,1391,315,4.257225,0
2026-02-25,14:11:53.325131,2944334,518,305,1393,298,4.257225,0
2026-02-25,14:11:53.325131,2945420,516,306,1398,303,4.247775,0
2026-02-25,14:11:53.325131,2946505,521,314,1399,321,4.24305,0
2026-02-25,14:11:58.834421,2947638,513,304,1392,297,4.254862,0
2026-02-25,14:11:58.834421,2948725,515,313,1390,315,4.257225,0
2026-02-25,14:11:58.834421,2949810,515,316,1395,323,4.257225,0
2026-02-25,14:11:58.834421,2950895,514,308,1387,311,4.254862,0
2026-02-25,14:11:58.834421,2951980,517,308,1396,301,4.245413,0
2026-02-25,14:12:04.296524,2953129,516,314,1394,320,4.257225,0
2026-02-25,14:12:04.296524,2954215,516,316,1392,321,4.254862,0
2026-02-25,14:12:04.296524,2955301,516,307,1391,302,4.259587,0
2026-02-25,14:12:04.296524,2956386,517,308,1393,302,4.257225,0
2026-02-25,14:12:04.296524,2957471,516,314,1394,319,4.259587,0
2026-02-25,14:12:09.795471,2958606,520,311,1400,305,4.24305,0
2026-02-25,14:12:09.795471,2959691,515,314,1396,312,4.257225,0
2026-02-25,14:12:09.795471,2960776,518,317,1394,323,4.254862,0
2026-02-25,14:12:09.795471,2961863,516,311,1391,312,4.254862,0
2026-02-25,14:12:09.795471,2962948,516,311,1398,302,4.254862,0
2026-02-25,14:12:15.268931,2964091,520,307,1400,300,4.24305,0
2026-02-25,14:12:15.268931,2965176,517,310,1402,312,4.257225,0
2026-02-25,14:12:15.268931,2966261,519,312,1388,320,4.254862,0
2026-02-25,14:12:15.268931,2967348,517,306,1394,304,4.254862,0
2026-02-25,14:12:15.268931,2968433,517,304,1395,297,4.257225,0
2026-02-25,14:12:20.748869,2969566,517,312,1388,319,4.254862,0
2026-02-25,14:12:20.748869,2970652,518,304,1390,298,4.254862,0
2026-02-25,14:12:20.748869,2971737,523,304,1392,297,4.254862,0
2026-02-25,14:12:20.748869,2972823,518,310,1394,314,4.254862,0
2026-02-25,14:12:20.748869,2973909,518,311,1396,319,4.2525,0
2026-02-25,14:12:26.210796,2975044,516,310,1394,312,4.254862,0
2026-02-25,14:12:26.210796,2976129,519,311,1392,320,4.257225,0
2026-02-25,14:12:26.210796,2977215,514,306,1394,304,4.254862,0
2026-02-25,14:12:26.210796,2978300,521,305,1398,297,4.254862,0
2026-02-25,14:12:26.210796,2979385,521,308,1394,305,4.18635,0
2026-02-25,14:12:31.706313,2980520,519,305,1393,297,4.18635,0
2026-02-25,14:12:31.706313,2981605,519,305,1398,298,4.188713,0
2026-02-25,14:12:31.706313,2982690,521,311,1397,316,4.18635,0
2026-02-25,14:12:31.706313,2983777,517,312,1391,318,4.18635,0
2026-02-25,14:12:31.706313,2984862,520,305,1391,302,4.18635,0
2026-02-25,14:12:37.165492,2986003,518,307,1398,301,4.188713,0
2026-02-25,14:12:37.165492,2987088,519,307,1396,299,4.188713,0
2026-02-25,14:12:37.165492,2988173,520,309,1398,306,4.254862,0
2026-02-25,14:12:37.165492,2989258,518,312,1394,320,4.2525,0
2026-02-25,14:12:37.165492,2990343,517,311,1391,316,4.2525,0
2026-02-25,14:12:42.659339,2991476,522,310,1398,309,4.417875,0
2026-02-25,14:12:42.659339,2992563,525,312,1389,318,4.455675,0
2026-02-25,14:12:42.659339,2993648,26,287,789,288,59.92718,0
2026-02-25,14:12:42.659339,2994733,15,284,784,277,59.93898,0
2026-02-25,14:12:42.659339,2995819,14,291,768,292,59.94844,0
2026-02-25,14:12:48.120880,2996959,6,288,765,288,59.95553,0
2026-02-25,14:12:48.120880,2998043,-5,292,761,300,59.96498,0
2026-02-25,14:12:48.120880,2999131,3,285,748,283,59.9697,0
2026-02-25,14:12:48.120880,3000215,7,282,758,276,59.97679,0
2026-02-25,14:12:48.120880,3001299,5,287,752,284,59.97915,0
2026-02-25,14:12:53.609731,3002433,-2,289,746,286,59.98151,0
2026-02-25,14:12:53.609731,3003519,3,287,744,282,59.98624,0
2026-02-25,14:12:53.609731,3004603,-3,292,752,294,59.98861,0
2026-02-25,14:12:53.609731,3005691,-8,292,743,300,59.99096,0
2026-02-25,14:12:53.609731,3006777,-5,286,743,280,59.99569,0
2026-02-25,14:12:59.078931,3007911,-2,293,747,302,59.99569,0
2026-02-25,14:12:59.078931,3008997,-1,287,754,283,60.00041,0
2026-02-25,14:12:59.078931,3010083,2,291,750,286,60.00278,0
2026-02-25,14:12:59.078931,3011167,-10,298,741,304,60.00278,0
2026-02-25,14:12:59.078931,3012254,-8,292,738,299,60.00514,0
2026-02-25,14:13:04.591739,3013389,-11,295,747,301,60.00514,0
2026-02-25,14:13:04.591739,3014477,-19,291,748,293,60.0075,0
2026-02-25,14:13:04.591739,3015564,-11,288,752,281,60.00986,0
2026-02-25,14:13:04.591739,3016652,-14,295,748,302,60.00986,0
2026-02-25,14:13:04.591739,3017740,-11,285,732,284,60.01223,0
2026-02-25,14:13:10.082469,3018889,-10,284,754,280,60.01223,0
2026-02-25,14:13:10.082469,3019976,-22,290,751,298,60.01223,0
2026-02-25,14:13:10.082469,3021063,-11,283,743,281,60.01459,0
2026-02-25,14:13:10.082469,3022150,0,284,759,278,60.01459,0
2026-02-25,14:13:10.082469,3023234,-15,291,757,294,60.01223,0
2026-02-25,14:13:15.564230,3024395,-9,289,755,295,60.01459,0
2026-02-25,14:13:15.564230,3025481,-16,289,742,297,60.01932,0
2026-02-25,14:13:15.564230,3026570,-7,282,752,275,60.01694,0
2026-02-25,14:13:15.564230,3027656,-10,289,743,294,60.01694,0
2026-02-25,14:13:15.564230,3028743,-15,290,735,295,60.01694,0
2026-02-25,14:13:21.064527,3029880,-13,290,737,299,60.01694,0
2026-02-25,14:13:21.064527,3030967,-17,288,743,285,60.01694,0
2026-02-25,14:13:21.064527,3032054,-11,289,748,284,60.01694,0
2026-02-25,14:13:21.064527,3033142,-25,293,739,301,60.01694,0
2026-02-25,14:13:21.064527,3034229,-18,288,738,290,60.01932,0
2026-02-25,14:13:26.567553,3035364,-18,296,741,304,60.01932,0
2026-02-25,14:13:26.567553,3036451,-24,292,744,291,60.02168,0
2026-02-25,14:13:26.567553,3037539,-16,292,742,286,60.02168,0
2026-02-25,14:13:26.567553,3038627,-18,295,736,303,60.01932,0
2026-02-25,14:13:26.567553,3039715,-17,289,753,282,60.02168,0
2026-02-25,14:13:32.044161,3040869,-27,296,736,303,60.02168,0
2026-02-25,14:13:32.044161,3041956,-12,291,745,287,60.01932,0
2026-02-25,14:13:32.044161,3043043,-14,295,749,295,60.02168,0
2026-02-25,14:13:32.044161,3044130,-25,295,739,303,60.01932,0
2026-02-25,14:13:32.044161,3045219,-20,289,753,282,60.02168,0
2026-02-25,14:13:37.548330,3046354,-21,286,740,287,60.02168,0
2026-02-25,14:13:37.548330,3047443,-17,287,756,280,60.02168,0
2026-02-25,14:13:37.548330,3048530,-19,290,744,298,60.02168,0
2026-02-25,14:13:37.548330,3049617,-12,282,736,278,60.02168,0
2026-02-25,14:13:37.548330,3050705,-11,285,744,284,60.02404,0
2026-02-25,14:13:43.049517,3051853,-18,289,739,296,60.01932,0
2026-02-25,14:13:43.049517,3052943,-23,285,752,281,60.02404,0
2026-02-25,14:13:43.049517,3054030,-21,290,743,298,60.02168,0
2026-02-25,14:13:43.049517,3055117,-18,287,740,285,60.02404,0
2026-02-25,14:13:43.049517,3056205,-18,283,742,276,60.02404,0
2026-02-25,14:13:48.521041,3057349,-15,290,746,295,60.02168,0
2026-02-25,14:13:48.521041,3058436,-24,289,749,293,60.02168,0
2026-02-25,14:13:48.521041,3059525,-15,283,748,277,60.02404,0
2026-02-25,14:13:48.521041,3060612,-20,291,737,299,60.02168,0
2026-02-25,14:13:48.521041,3061699,-16,287,749,289,60.02404,0
2026-02-25,14:13:54.019309,3062834,-25,290,739,299,60.02404,0
2026-02-25,14:13:54.019309,3063921,-18,287,742,284,60.02404,0
2026-02-25,14:13:54.019309,3065008,-10,287,753,282,60.0264,0
2026-02-25,14:13:54.019309,3066097,-14,292,737,300,60.02404,0
2026-02-25,14:13:54.019309,3067184,-18,285,747,278,60.02404,0
2026-02-25,14:13:59.535328,3068334,-20,293,748,299,60.02404,0
2026-02-25,14:13:59.535328,3069421,-24,287,746,292,60.02404,0
2026-02-25,14:13:59.535328,3070508,-13,282,752,276,60.02404,0
2026-02-25,14:13:59.535328,3071597,-17,291,745,299,60.02168,0
2026-02-25,14:13:59.535328,3072684,-21,285,748,284,60.02404,0
2026-02-25,14:14:05.004829,3073837,-24,292,753,302,60.02168,0
2026-02-25,14:14:05.004829,3074924,-14,287,745,286,60.02404,0
2026-02-25,14:14:05.004829,3076011,-22,287,741,279,60.02168,0
2026-02-25,14:14:05.004829,3077098,-18,291,731,299,60.01932,0
2026-02-25,14:14:05.004829,3078187,-9,282,740,276,60.01932,0
2026-02-25,14:14:10.507254,3079321,-17,290,737,297,60.01932,0
2026-02-25,14:14:10.507254,3080410,-24,286,751,278,60.01932,0
2026-02-25,14:14:10.507254,3081497,-20,289,740,294,60.02168,0
2026-02-25,14:14:10.507254,3082584,-10,288,742,293,60.02168,0
2026-02-25,14:14:10.507254,3083671,-21,282,753,276,60.02404,0
2026-02-25,14:14:15.987083,3084813,-18,286,757,278,60.02168,0
2026-02-25,14:14:15.987083,3085900,-17,291,736,298,60.02168,0
2026-02-25,14:14:15.987083,3086989,-19,284,750,276,60.02404,0
2026-02-25,14:14:15.987083,3088076,-16,287,750,288,60.02168,0
2026-02-25,14:14:15.987083,3089163,-29,290,744,297,60.02404,0
2026-02-25,14:14:21.481397,3090300,-17,290,738,299,60.02168,0
2026-02-25,14:14:21.481397,3091387,-19,285,743,284,60.02404,0
2026-02-25,14:14:21.481397,3092474,-16,285,742,281,60.02404,0
2026-02-25,14:14:21.481397,3093562,-18,290,741,298,60.02404,0
2026-02-25,14:14:21.481397,3094649,-18,282,737,280,60.02404,0
2026-02-25,14:14:26.978018,3095789,-25,285,733,282,60.0264,0
2026-02-25,14:14:26.978018,3096876,-9,283,748,279,60.02404,0
2026-02-25,14:14:26.978018,3097962,-24,292,751,298,60.02404,0
2026-02-25,14:14:26.978018,3099051,-20,283,735,279,60.0264,0
2026-02-25,14:14:26.978018,3100138,-16,286,739,279,60.0264,0
2026-02-25,14:14:32.451891,3101282,-16,291,748,293,60.0264,0
2026-02-25,14:14:32.451891,3102369,-26,288,737,295,60.0264,0
2026-02-25,14:14:32.451891,3103456,-22,282,736,274,60.0264,0
2026-02-25,14:14:32.451891,3104544,-22,288,744,293,60.0264,0
2026-02-25,14:14:32.451891,3105632,-27,286,739,288,60.02404,0
2026-02-25,14:14:37.961345,3106767,-22,289,741,298,60.0264,0
2026-02-25,14:14:37.961345,3107856,-16,282,745,276,60.02876,0
2026-02-25,14:14:37.961345,3108943,-16,286,732,284,60.02876,0
2026-02-25,14:14:37.961345,3110030,-21,289,749,297,60.02404,0
2026-02-25,14:14:37.961345,3111117,-16,282,743,275,60.0264,0
2026-02-25,14:14:43.468244,3112269,-18,293,743,302,60.0264,0
2026-02-25,14:14:43.468244,3113356,-23,284,733,279,60.0264,0
2026-02-25,14:14:43.468244,3114445,-25,287,753,286,60.0264,0
2026-02-25,14:14:43.468244,3115532,-19,291,741,297,60.0264,0
2026-02-25,14:14:43.468244,3116619,-22,283,742,275,60.0264,0
2026-02-25,14:14:49.001378,3117795,-12,287,738,291,60.0264,0
2026-02-25,14:14:49.001378,3118882,-2,282,748,276,60.0264,0
2026-02-25,14:14:49.001378,3119970,-23,290,746,297,60.0264,0
2026-02-25,14:14:49.001378,3121057,-16,285,733,288,60.0264,0
2026-02-25,14:14:49.001378,3122144,-16,282,741,276,60.02876,0
2026-02-25,14:14:54.474809,3123306,-21,283,748,277,60.02876,0
2026-02-25,14:14:54.474809,3124393,-25,289,741,298,60.02404,0
2026-02-25,14:14:54.474809,3125482,-23,284,737,278,60.02876,0
2026-02-25,14:14:54.474809,3126569,-19,285,733,282,60.0264,0
2026-02-25,14:14:54.474809,3127656,-18,290,755,298,60.02404,0
2026-02-25,14:14:59.980353,3128792,-18,289,743,294,60.0264,0
2026-02-25,14:14:59.980353,3129880,-22,287,729,291,60.0264,0
2026-02-25,14:14:59.980353,3130967,-13,282,740,275,60.03112,0
2026-02-25,14:14:59.980353,3132055,-17,290,741,298,60.0264,0
2026-02-25,14:14:59.980353,3133143,-20,284,738,283,60.02876,0
2026-02-25,14:15:05.500503,3134287,-18,284,748,276,60.02876,0
2026-02-25,14:15:05.500503,3135374,-19,288,754,293,60.02876,0
2026-02-25,14:15:05.500503,3136461,-20,290,743,294,60.02876,0
2026-02-25,14:15:05.500503,3137550,-19,283,747,277,60.02876,0
2026-02-25,14:15:05.500503,3138637,-23,292,748,298,60.0264,0
2026-02-25,14:15:11.026479,3139837,-18,291,755,295,60.02876,0
2026-02-25,14:15:11.026479,3140924,-23,287,733,291,60.02876,0
2026-02-25,14:15:11.026479,3142011,-16,283,737,275,60.02876,0
2026-02-25,14:15:11.026479,3143100,-16,290,741,297,60.0264,0
2026-02-25,14:15:11.026479,3144187,-6,285,734,284,60.02876,0
2026-02-25,14:15:16.509103,3145338,-17,289,746,293,60.02876,0
2026-02-25,14:15:16.509103,3146425,-19,288,740,295,60.0264,0
2026-02-25,14:15:16.509103,3147513,-14,283,751,275,60.02876,0
2026-02-25,14:15:16.509103,3148600,-18,288,735,292,60.02876,0
2026-02-25,14:15:16.509103,3149687,-30,288,738,295,60.0264,0
2026-02-25,14:15:21.992217,3150822,-24,289,731,296,60.0264,0
2026-02-25,14:15:21.992217,3151911,-22,286,746,284,60.02876,0
2026-02-25,14:15:21.992217,3152998,-16,283,759,277,60.02876,0
2026-02-25,14:15:21.992217,3154085,-28,290,746,298,60.0264,0
2026-02-25,14:15:21.992217,3155174,-12,287,741,283,60.02876,0
2026-02-25,14:15:27.502990,3156309,-20,292,742,298,60.02876,0
2026-02-25,14:15:27.502990,3157396,-19,284,730,280,60.02876,0
2026-02-25,14:15:27.502990,3158483,-23,289,744,287,60.0264,0
2026-02-25,14:15:27.502990,3159571,-25,290,744,296,60.02876,0
2026-02-25,14:15:27.502990,3160658,-16,284,751,275,60.02876,0
2026-02-25,14:15:33.025975,3161824,-12,288,744,288,60.02876,0
2026-02-25,14:15:33.025975,3162911,-27,290,746,297,60.02876,0
2026-02-25,14:15:33.025975,3164000,-17,283,741,275,60.02876,0
2026-02-25,14:15:33.025975,3165087,-20,290,742,296,60.02876,0
2026-02-25,14:15:33.025975,3166174,-25,286,736,290,60.02876,0
2026-02-25,14:15:38.503439,3167332,-28,290,743,297,60.0264,0
2026-02-25,14:15:38.503439,3168419,-19,283,740,275,60.02876,0
2026-02-25,14:15:38.503439,3169508,-22,290,740,296,60.02876,0
2026-02-25,14:15:38.503439,3170595,-20,288,739,293,60.02876,0
2026-02-25,14:15:38.503439,3171682,-13,284,743,276,60.02876,0
2026-02-25,14:15:44.012864,3172819,-16,284,743,282,60.0264,0
2026-02-25,14:15:44.012864,3173906,-15,285,753,277,60.02876,0
2026-02-25,14:15:44.012864,3174993,-11,290,741,299,60.0264,0
2026-02-25,14:15:44.012864,3176082,-19,283,746,279,60.03112,0
2026-02-25,14:15:44.012864,3177169,-21,284,742,279,60.02876,0
2026-02-25,14:15:49.495845,3178321,-28,286,742,290,60.02876,0
2026-02-25,14:15:49.495845,3179408,-16,284,744,275,60.02876,0
2026-02-25,14:15:49.495845,3180495,-16,290,743,294,60.02876,0
2026-02-25,14:15:49.495845,3181584,-29,285,737,288,60.02876,0
2026-02-25,14:15:49.495845,3182670,-27,282,745,275,60.02876,0
2026-02-25,14:15:54.981169,3183806,-26,284,742,281,60.02876,0
2026-02-25,14:15:54.981169,3184895,-20,286,741,283,60.03112,0
2026-02-25,14:15:54.981169,3185982,-24,290,743,298,60.0264,0
2026-02-25,14:15:54.981169,3187069,-24,283,735,275,60.03112,0
2026-02-25,14:15:54.981169,3188158,-26,290,741,293,60.02876,0
2026-02-25,14:16:00.496845,3189293,-20,281,752,276,60.0264,0
2026-02-25,14:16:00.496845,3190380,-20,290,743,296,60.02876,0
2026-02-25,14:16:00.496845,3191467,-26,287,742,291,60.02876,0
2026-02-25,14:16:00.496845,3192554,-22,283,745,276,60.02876,0
2026-02-25,14:16:00.496845,3193642,-20,290,746,298,60.0264,0
2026-02-25,14:16:05.975259,3194805,-31,291,741,298,60.0264,0
2026-02-25,14:16:05.975259,3195892,-24,284,743,282,60.0264,0
2026-02-25,14:16:05.975259,3196980,-19,286,749,283,60.0264,0
2026-02-25,14:16:05.975259,3198067,-22,289,751,298,60.0264,0
2026-02-25,14:16:05.975259,3199155,-16,284,740,280,60.0264,0
2026-02-25,14:16:11.465535,3200291,-20,289,747,297,60.0264,0
2026-02-25,14:16:11.465535,3201378,-17,284,743,275,60.0264,0
2026-02-25,14:16:11.465535,3202467,-22,289,748,294,60.03112,0
2026-02-25,14:16:11.465535,3203554,-16,289,745,292,60.02876,0
2026-02-25,14:16:11.465535,3204641,-23,282,760,275,60.03112,0
2026-02-25,14:16:17.008592,3205776,-23,288,736,291,60.02876,0
2026-02-25,14:16:17.008592,3206863,-26,283,750,275,60.02876,0
2026-02-25,14:16:17.008592,3207950,-20,292,750,296,60.0264,0
2026-02-25,14:16:17.008592,3209039,-22,285,737,285,60.02876,0
2026-02-25,14:16:17.008592,3210126,-24,283,745,276,60.02876,0
2026-02-25,14:16:22.514438,3211338,-28,288,738,294,60.02876,0
2026-02-25,14:16:22.514438,3212425,-26,282,747,274,60.02876,0
2026-02-25,14:16:22.514438,3213513,-26,293,743,296,60.02876,0
2026-02-25,14:16:22.514438,3214600,-29,291,739,298,60.0264,0
2026-02-25,14:16:22.514438,3215688,-18,283,745,276,60.02876,0
2026-02-25,14:16:28.044065,3216824,-26,284,740,285,60.02876,0
2026-02-25,14:16:28.044065,3217911,-14,283,739,276,60.02876,0
2026-02-25,14:16:28.044065,3218998,-29,290,743,298,60.02876,0
2026-02-25,14:16:28.044065,3220087,-24,283,737,281,60.03112,0
2026-02-25,14:16:28.044065,3221174,-22,283,751,276,60.02876,0
2026-02-25,14:16:33.572313,3222353,-29,283,739,276,60.02876,0
2026-02-25,14:16:33.572313,3223440,-18,289,740,295,60.02876,0
2026-02-25,14:16:33.572313,3224527,-26,289,740,295,60.0264,0
2026-02-25,14:16:33.572313,3225615,-26,282,741,275,60.0264,0
2026-02-25,14:16:33.572313,3226703,-29,289,749,294,60.02876,0
2026-02-25,14:16:39.078594,3227888,-24,290,748,297,60.0264,0
2026-02-25,14:16:39.078594,3228975,-26,281,749,275,60.02876,0
2026-02-25,14:16:39.078594,3230063,-21,285,742,283,60.02876,0
2026-02-25,14:16:39.078594,3231151,-33,290,731,296,60.02876,0
2026-02-25,14:16:39.078594,3232238,-20,286,748,279,60.02876,0
2026-02-25,14:16:44.592992,3233409,-20,289,741,297,60.0264,0
2026-02-25,14:16:44.592992,3234496,-22,288,736,290,60.02876,0
2026-02-25,14:16:44.592992,3235583,-24,282,742,275,60.02876,0
2026-02-25,14:16:44.592992,3236672,-27,289,730,298,60.0264,0
2026-02-25,14:16:44.592992,3237759,-23,286,744,289,60.0264,0
2026-02-25,14:16:50.076797,3238903,-25,282,736,276,60.02876,0
2026-02-25,14:16:50.076797,3239992,-28,288,738,289,60.0264,0
2026-02-25,14:16:50.076797,3241079,-22,291,738,298,60.02876,0
2026-02-25,14:16:50.076797,3242166,-14,283,742,276,60.02876,0
2026-02-25,14:16:50.076797,3243255,-23,290,732,292,60.0264,0
2026-02-25,14:16:55.563168,3244390,-20,283,743,275,60.02876,0
2026-02-25,14:16:55.563168,3245479,-19,293,736,299,60.0264,0
2026-02-25,14:16:55.563168,3246566,-26,285,729,287,60.02876,0
2026-02-25,14:16:55.563168,3247653,-25,283,742,276,60.02876,0
2026-02-25,14:16:55.563168,3248740,-22,291,741,303,60.0264,0
2026-02-25,14:17:01.038851,3249876,-29,285,748,279,60.02876,0
2026-02-25,14:17:01.038851,3250963,-19,290,741,299,60.02876,0
2026-02-25,14:17:01.038851,3252052,-26,284,739,275,60.0264,0
2026-02-25,14:17:01.038851,3253139,-18,286,742,285,60.02876,0
2026-02-25,14:17:01.038851,3254226,-26,290,724,298,60.0264,0
2026-02-25,14:17:06.531481,3255362,-20,289,740,294,60.0264,0
2026-02-25,14:17:06.531481,3256450,-24,289,735,294,60.0264,0
2026-02-25,14:17:06.531481,3257537,-22,283,740,275,60.0264,0
2026-02-25,14:17:06.531481,3258625,-36,292,741,297,60.0264,0
2026-02-25,14:17:06.531481,3259712,-31,287,738,290,60.02876,0
2026-02-25,14:17:12.047081,3260862,-25,283,741,277,60.0264,0
2026-02-25,14:17:12.047081,3261949,-20,290,740,298,60.0264,0
2026-02-25,14:17:12.047081,3263036,-23,284,751,286,60.0264,0
2026-02-25,14:17:12.047081,3264124,-26,284,747,278,60.02876,0
2026-02-25,14:17:12.047081,3265212,-29,290,733,298,60.02876,0
2026-02-25,14:17:17.516721,3266357,-25,291,744,294,60.0264,0
2026-02-25,14:17:17.516721,3267445,-24,283,744,276,60.02876,0
2026-02-25,14:17:17.516721,3268532,-29,290,742,296,60.02876,0
2026-02-25,14:17:17.516721,3269619,-22,288,743,291,60.0264,0
2026-02-25,14:17:17.516721,3270708,-23,282,746,277,60.02876,0
2026-02-25,14:17:23.005005,3271843,-27,285,749,282,60.02876,0
2026-02-25,14:17:23.005005,3272932,-24,284,750,283,60.03112,0
2026-02-25,14:17:23.005005,3274019,-31,290,737,299,60.0264,0
2026-02-25,14:17:23.005005,3275106,-30,283,739,280,60.02876,0
2026-02-25,14:17:23.005005,3276193,-22,283,743,278,60.0264,0
2026-02-25,14:17:28.494003,3277328,-21,285,746,278,60.02876,0
2026-02-25,14:17:28.494003,3278415,-20,285,742,279,60.0264,0
2026-02-25,14:17:28.494003,3279504,-25,290,739,299,60.0264,0
2026-02-25,14:17:28.494003,3280591,-27,282,740,279,60.02876,0
2026-02-25,14:17:28.494003,3281678,-20,283,755,280,60.02876,0
2026-02-25,14:17:33.984334,3282815,-15,282,745,276,60.02876,0
2026-02-25,14:17:33.984334,3283902,-24,289,745,286,60.02876,0
2026-02-25,14:17:33.984334,3284989,-25,291,749,300,60.0264,0
2026-02-25,14:17:33.984334,3286077,-30,282,747,275,60.02876,0
2026-02-25,14:17:33.984334,3287164,-20,287,748,288,60.0264,0
2026-02-25,14:17:39.692310,3288299,-28,282,738,275,60.02876,0
2026-02-25,14:17:39.692310,3289386,-32,288,738,293,60.0264,0
2026-02-25,14:17:39.692310,3290473,-30,288,742,295,60.02404,0
2026-02-25,14:17:39.692310,3291562,-30,283,747,275,60.0264,0
2026-02-25,14:17:39.692310,3292649,-23,290,746,295,60.02404,0
2026-02-25,14:17:45.164096,3294005,-29,286,738,279,60.02404,0
2026-02-25,14:17:45.164096,3295093,-37,288,744,297,60.0264,0
2026-02-25,14:17:45.164096,3296180,-25,283,739,285,60.0264,0
2026-02-25,14:17:45.164096,3297267,-25,283,742,276,60.02876,0
2026-02-25,14:17:45.164096,3298356,-31,290,750,298,60.0264,0
2026-02-25,14:17:50.657768,3299491,-29,285,752,282,60.02404,0
2026-02-25,14:17:50.657768,3300580,-23,288,736,296,60.02404,0
2026-02-25,14:17:50.657768,3301667,-29,281,749,274,60.02404,0
2026-02-25,14:17:50.657768,3302754,-24,285,750,283,60.0264,0
2026-02-25,14:17:50.657768,3303841,-30,289,740,297,60.0264,0
2026-02-25,14:17:56.134083,3304976,-27,289,744,288,60.0264,0
2026-02-25,14:17:56.134083,3306063,-17,290,743,297,60.02404,0
2026-02-25,14:17:56.134083,3307152,-23,282,740,274,60.0264,0
2026-02-25,14:17:56.134083,3308239,-30,288,747,291,60.0264,0
2026-02-25,14:17:56.134083,3309326,-26,291,742,295,60.02404,0
2026-02-25,14:18:01.619953,3310463,-23,289,747,298,60.02404,0
2026-02-25,14:18:01.619953,3311550,-29,289,746,289,60.0264,0
2026-02-25,14:18:01.619953,3312638,-26,284,749,281,60.0264,0
2026-02-25,14:18:01.619953,3313726,-22,289,740,297,60.0264,0
2026-02-25,14:18:01.619953,3314813,-31,285,758,284,60.0264,0
2026-02-25,14:18:07.105003,3315948,-19,291,740,298,60.02404,0
2026-02-25,14:18:07.105003,3317035,-28,283,735,282,60.0264,0
2026-02-25,14:18:07.105003,3318122,-26,284,747,275,60.0264,0
2026-02-25,14:18:07.105003,3319211,-30,290,745,297,60.02404,0
2026-02-25,14:18:07.105003,3320298,-19,284,742,280,60.0264,0
2026-02-25,14:18:12.602336,3321433,-29,289,735,298,60.02168,0
2026-02-25,14:18:12.602336,3322522,-27,284,749,275,60.0264,0
2026-02-25,14:18:12.602336,3323609,-23,286,760,284,60.02404,0
2026-02-25,14:18:12.602336,3324696,-38,289,749,297,60.02404,0
2026-02-25,14:18:12.602336,3325785,-15,282,745,275,60.0264,0
2026-02-25,14:18:18.092915,3326920,-23,289,749,293,60.0264,0
2026-02-25,14:18:18.092915,3328007,-29,282,752,276,60.0264,0
2026-02-25,14:18:18.092915,3329094,-28,289,757,290,60.02404,0
2026-02-25,14:18:18.092915,3330181,-42,289,744,296,60.0264,0
2026-02-25,14:18:18.092915,3331268,-26,282,742,275,60.0264,0
2026-02-25,14:18:23.566322,3332408,-30,282,746,276,60.0264,0
2026-02-25,14:18:23.566322,3333496,-25,287,749,283,60.02876,0
2026-02-25,14:18:23.566322,3334585,-29,288,753,296,60.0264,0
2026-02-25,14:18:23.566322,3335672,-30,282,744,274,60.0264,0
2026-02-25,14:18:23.566322,3336759,-23,289,751,290,60.0264,0
2026-02-25,14:18:29.055307,3337896,-26,281,737,275,60.0264,0
2026-02-25,14:18:29.055307,3338983,-26,289,748,297,60.0264,0
2026-02-25,14:18:29.055307,3340070,-24,286,739,291,60.0264,0
2026-02-25,14:18:29.055307,3341159,-27,282,754,276,60.0264,0
2026-02-25,14:18:29.055307,3342246,-26,291,740,298,60.0264,0
2026-02-25,14:18:34.538606,3343381,-24,284,762,276,60.02876,0
2026-02-25,14:18:34.538606,3344468,-32,290,754,297,60.02404,0
2026-02-25,14:18:34.538606,3345555,-27,284,752,284,60.0264,0
2026-02-25,14:18:34.538606,3346642,-23,287,746,280,60.0264,0
2026-02-25,14:18:34.538606,3347730,-33,290,747,297,60.0264,0
2026-02-25,14:18:40.020481,3348865,-23,283,755,277,60.0264,0
2026-02-25,14:18:40.020481,3349952,-32,289,737,297,60.0264,0
2026-02-25,14:18:40.020481,3351039,-30,285,737,289,60.02404,0
2026-02-25,14:18:40.020481,3352126,-27,281,749,276,60.0264,0
2026-02-25,14:18:40.020481,3353213,-28,289,736,294,60.02404,0
2026-02-25,14:18:45.507751,3354348,-25,284,751,275,60.02876,0
2026-02-25,14:18:45.507751,3355437,-26,290,738,297,60.0264,0
2026-02-25,14:18:45.507751,3356524,-28,285,745,286,60.02404,0
2026-02-25,14:18:45.507751,3357611,-23,282,757,275,60.0264,0
2026-02-25,14:18:45.507751,3358700,-31,289,751,297,60.0264,0
2026-02-25,14:18:51.029520,3359835,-27,284,750,280,60.0264,0
2026-02-25,14:18:51.029520,3360923,-32,293,747,301,60.02168,0
2026-02-25,14:18:51.029520,3362010,-25,283,745,279,60.0264,0
2026-02-25,14:18:51.029520,3363097,-31,283,752,277,60.0264,0
2026-02-25,14:18:51.029520,3364185,-34,289,743,298,60.02404,0
2026-02-25,14:18:56.503323,3365348,-28,289,740,298,60.02404,0
2026-02-25,14:18:56.503323,3366435,-34,281,745,276,60.0264,0
2026-02-25,14:18:56.503323,3367523,-25,287,750,287,60.0264,0
2026-02-25,14:18:56.503323,3368611,-36,289,742,297,60.02404,0
2026-02-25,14:18:56.503323,3369698,-25,282,756,277,60.02404,0
2026-02-25,14:19:01.991737,3370834,-29,287,753,294,60.02404,0
2026-02-25,14:19:01.991737,3371921,-23,284,750,275,60.02404,0
2026-02-25,14:19:01.991737,3373008,-29,292,746,292,60.0264,0
2026-02-25,14:19:01.991737,3374096,-27,288,746,297,60.02404,0
2026-02-25,14:19:01.991737,3375183,-31,281,745,274,60.0264,0
2026-02-25,14:19:07.544571,3376318,-38,289,734,295,60.02404,0
2026-02-25,14:19:07.544571,3377405,-28,281,742,274,60.0264,0
2026-02-25,14:19:07.544571,3378492,-25,288,750,286,60.0264,0
2026-02-25,14:19:07.544571,3379581,-37,287,739,293,60.02404,0
2026-02-25,14:19:07.544571,3380668,-33,283,750,275,60.0264,0
2026-02-25,14:19:13.018548,3381861,-27,289,741,297,60.0264,0
2026-02-25,14:19:13.018548,3382948,-27,281,751,278,60.0264,0
2026-02-25,14:19:13.018548,3384035,-29,283,748,280,60.0264,0
2026-02-25,14:19:13.018548,3385124,-29,289,740,297,60.02168,0
2026-02-25,14:19:13.018548,3386211,-23,282,754,277,60.02404,0
2026-02-25,14:19:18.525664,3387346,-32,293,735,298,60.02404,0
2026-02-25,14:19:18.525664,3388433,-26,282,748,277,60.0264,0
2026-02-25,14:19:18.525664,3389520,-21,288,746,283,60.02404,0
2026-02-25,14:19:18.525664,3390607,-32,288,742,295,60.02404,0
2026-02-25,14:19:18.525664,3391696,-35,282,740,276,60.02404,0
2026-02-25,14:19:24.000121,3392843,-28,286,751,283,60.02404,0
2026-02-25,14:19:24.000121,3393932,-25,289,745,295,60.02404,0
2026-02-25,14:19:24.000121,3395019,-33,284,749,277,60.02404,0
2026-02-25,14:19:24.000121,3396106,-20,285,753,282,60.02168,0
2026-02-25,14:19:24.000121,3397195,-28,291,740,295,60.02168,0
